信用度,年齢,所得,クレジットカード,教育,車ローン
0.000,36.220,2.000,2.000,2.000,2.000
0.000,21.990,2.000,2.000,2.000,2.000
0.000,29.170,1.000,2.000,1.000,2.000
0.000,32.753,1.000,2.000,2.000,1.000
0.000,36.771,2.000,2.000,2.000,2.000
0.000,39.325,2.000,2.000,2.000,2.000
0.000,31.699,2.000,2.000,2.000,2.000
0.000,34.718,1.000,2.000,1.000,2.000
0.000,31.531,1.000,2.000,1.000,2.000
0.000,24.780,2.000,2.000,2.000,2.000
0.000,22.763,1.000,2.000,2.000,2.000
0.000,45.966,1.000,2.000,1.000,2.000
0.000,29.386,2.000,2.000,1.000,2.000
0.000,29.215,1.000,2.000,2.000,1.000
0.000,39.603,1.000,2.000,1.000,2.000
0.000,39.456,1.000,2.000,2.000,2.000
0.000,34.127,1.000,2.000,2.000,2.000
0.000,35.818,2.000,2.000,2.000,2.000
0.000,35.966,2.000,2.000,2.000,2.000
0.000,26.263,3.000,2.000,2.000,2.000
0.000,21.519,1.000,2.000,2.000,2.000
0.000,29.232,2.000,2.000,1.000,2.000
0.000,22.944,1.000,2.000,2.000,2.000
0.000,43.415,2.000,2.000,2.000,2.000
0.000,20.161,2.000,2.000,1.000,2.000
0.000,27.984,2.000,2.000,1.000,2.000
0.000,29.490,2.000,2.000,2.000,2.000
0.000,30.116,2.000,2.000,1.000,2.000
0.000,25.431,2.000,2.000,2.000,2.000
0.000,40.185,1.000,2.000,2.000,1.000
0.000,20.521,1.000,2.000,2.000,2.000
0.000,22.758,1.000,2.000,1.000,2.000
0.000,32.896,2.000,2.000,1.000,2.000
0.000,33.212,2.000,2.000,1.000,2.000
0.000,27.981,3.000,2.000,1.000,1.000
0.000,20.993,2.000,2.000,2.000,2.000
0.000,28.609,2.000,2.000,2.000,2.000
0.000,20.789,2.000,2.000,1.000,2.000
0.000,20.706,2.000,2.000,1.000,1.000
0.000,24.483,1.000,2.000,1.000,2.000
0.000,47.157,2.000,2.000,2.000,2.000
0.000,24.677,2.000,2.000,1.000,2.000
0.000,30.813,3.000,2.000,1.000,2.000
0.000,20.888,1.000,2.000,1.000,2.000
0.000,21.050,2.000,2.000,2.000,2.000
0.000,32.432,2.000,2.000,1.000,2.000
0.000,31.351,2.000,2.000,1.000,2.000
0.000,22.926,2.000,2.000,2.000,2.000
0.000,35.146,2.000,2.000,1.000,2.000
0.000,24.686,2.000,1.000,2.000,1.000
0.000,37.326,1.000,2.000,1.000,2.000
0.000,30.700,2.000,2.000,1.000,2.000
0.000,32.919,1.000,2.000,1.000,2.000
0.000,23.854,1.000,2.000,2.000,2.000
0.000,46.767,1.000,2.000,1.000,2.000
0.000,27.910,2.000,2.000,1.000,2.000
0.000,46.441,2.000,2.000,2.000,1.000
0.000,20.660,1.000,2.000,1.000,2.000
0.000,20.964,1.000,2.000,2.000,1.000
0.000,24.454,2.000,2.000,1.000,2.000
0.000,27.062,1.000,2.000,1.000,2.000
0.000,38.059,1.000,2.000,2.000,2.000
0.000,22.992,2.000,2.000,2.000,2.000
0.000,22.370,1.000,2.000,2.000,2.000
0.000,26.205,1.000,2.000,1.000,2.000
0.000,36.448,2.000,2.000,1.000,2.000
0.000,22.721,2.000,2.000,2.000,2.000
0.000,33.281,1.000,2.000,2.000,2.000
0.000,28.146,2.000,2.000,1.000,2.000
0.000,44.131,2.000,2.000,1.000,1.000
0.000,24.888,1.000,2.000,2.000,2.000
0.000,21.872,2.000,2.000,1.000,2.000
0.000,28.230,1.000,2.000,1.000,1.000
0.000,36.981,2.000,2.000,2.000,2.000
0.000,24.157,1.000,2.000,2.000,2.000
0.000,35.668,2.000,2.000,2.000,2.000
0.000,24.974,1.000,2.000,2.000,2.000
0.000,30.569,2.000,2.000,1.000,2.000
0.000,20.375,1.000,2.000,2.000,2.000
0.000,32.669,2.000,2.000,2.000,2.000
0.000,20.573,1.000,2.000,1.000,2.000
0.000,26.659,1.000,1.000,1.000,1.000
0.000,30.804,1.000,2.000,2.000,2.000
0.000,29.843,2.000,2.000,2.000,2.000
0.000,50.826,1.000,2.000,1.000,2.000
0.000,29.255,1.000,2.000,2.000,2.000
0.000,35.218,2.000,2.000,2.000,2.000
0.000,35.818,1.000,2.000,2.000,1.000
0.000,24.438,2.000,2.000,1.000,2.000
0.000,23.397,2.000,2.000,1.000,2.000
0.000,38.677,2.000,2.000,1.000,2.000
0.000,21.861,2.000,2.000,2.000,2.000
0.000,24.043,1.000,2.000,1.000,2.000
0.000,25.718,2.000,2.000,2.000,2.000
0.000,26.807,2.000,2.000,2.000,2.000
0.000,36.620,2.000,2.000,1.000,2.000
0.000,29.050,1.000,2.000,2.000,2.000
0.000,30.772,1.000,2.000,1.000,2.000
0.000,22.174,1.000,2.000,1.000,2.000
0.000,42.928,1.000,2.000,2.000,2.000
0.000,26.791,2.000,1.000,1.000,1.000
0.000,24.240,1.000,2.000,2.000,2.000
0.000,25.815,1.000,2.000,2.000,2.000
0.000,20.745,2.000,2.000,1.000,2.000
0.000,40.875,2.000,2.000,1.000,2.000
0.000,52.954,1.000,2.000,2.000,2.000
0.000,25.348,2.000,2.000,2.000,2.000
0.000,28.122,1.000,2.000,2.000,2.000
0.000,29.505,1.000,2.000,1.000,2.000
0.000,35.896,1.000,2.000,2.000,2.000
0.000,20.140,2.000,2.000,1.000,2.000
0.000,23.227,1.000,2.000,2.000,2.000
0.000,44.821,1.000,2.000,1.000,2.000
0.000,43.573,2.000,2.000,2.000,2.000
0.000,20.158,2.000,1.000,2.000,1.000
0.000,27.440,1.000,2.000,2.000,2.000
0.000,24.034,1.000,2.000,1.000,2.000
0.000,37.079,2.000,2.000,1.000,2.000
0.000,25.786,3.000,2.000,2.000,1.000
0.000,24.799,1.000,2.000,2.000,2.000
0.000,31.745,1.000,2.000,1.000,2.000
0.000,38.720,2.000,2.000,2.000,1.000
0.000,24.120,2.000,2.000,2.000,2.000
0.000,31.796,1.000,2.000,1.000,2.000
0.000,43.032,1.000,2.000,2.000,2.000
0.000,22.099,2.000,2.000,2.000,2.000
0.000,26.798,3.000,2.000,2.000,2.000
0.000,39.980,3.000,2.000,2.000,2.000
0.000,31.475,2.000,1.000,1.000,1.000
0.000,23.641,1.000,2.000,1.000,2.000
0.000,33.181,1.000,2.000,1.000,2.000
0.000,40.000,1.000,2.000,1.000,2.000
0.000,23.446,3.000,2.000,1.000,2.000
0.000,29.844,1.000,1.000,1.000,1.000
0.000,29.324,1.000,1.000,1.000,1.000
0.000,22.509,1.000,2.000,1.000,2.000
0.000,31.428,1.000,1.000,1.000,1.000
0.000,32.962,1.000,2.000,1.000,1.000
0.000,37.231,2.000,2.000,2.000,2.000
0.000,39.489,1.000,2.000,2.000,2.000
0.000,21.985,1.000,2.000,1.000,2.000
0.000,31.010,1.000,2.000,1.000,2.000
0.000,40.399,1.000,2.000,1.000,2.000
0.000,28.529,1.000,2.000,1.000,2.000
0.000,21.925,2.000,2.000,2.000,2.000
0.000,25.522,1.000,2.000,1.000,2.000
0.000,20.722,1.000,2.000,2.000,2.000
0.000,43.569,1.000,2.000,1.000,1.000
0.000,33.090,1.000,2.000,1.000,2.000
0.000,27.853,2.000,2.000,1.000,2.000
0.000,28.740,1.000,2.000,2.000,2.000
0.000,44.615,1.000,2.000,2.000,1.000
0.000,22.316,3.000,2.000,2.000,2.000
0.000,32.726,2.000,2.000,2.000,2.000
0.000,32.197,1.000,2.000,2.000,2.000
0.000,22.218,2.000,1.000,2.000,1.000
0.000,30.260,2.000,2.000,1.000,2.000
0.000,54.675,2.000,2.000,1.000,2.000
0.000,29.514,2.000,1.000,1.000,1.000
0.000,20.142,1.000,2.000,2.000,2.000
0.000,29.248,1.000,2.000,2.000,2.000
0.000,38.142,1.000,2.000,1.000,2.000
0.000,28.764,1.000,2.000,2.000,2.000
0.000,36.450,1.000,2.000,1.000,1.000
0.000,20.636,2.000,2.000,1.000,1.000
0.000,24.544,2.000,2.000,1.000,2.000
0.000,31.386,1.000,2.000,2.000,2.000
0.000,39.798,1.000,2.000,2.000,2.000
0.000,28.564,2.000,2.000,2.000,2.000
0.000,22.612,1.000,2.000,2.000,2.000
0.000,33.174,1.000,2.000,2.000,2.000
0.000,43.371,1.000,2.000,2.000,1.000
0.000,34.360,2.000,2.000,1.000,1.000
0.000,40.674,2.000,1.000,2.000,1.000
0.000,33.742,3.000,2.000,1.000,1.000
0.000,25.234,2.000,2.000,1.000,2.000
0.000,26.090,1.000,2.000,2.000,2.000
0.000,31.628,1.000,2.000,2.000,2.000
0.000,41.670,2.000,2.000,2.000,2.000
0.000,23.075,2.000,2.000,1.000,1.000
0.000,24.860,1.000,2.000,2.000,2.000
0.000,23.628,2.000,2.000,1.000,2.000
0.000,25.963,2.000,2.000,1.000,2.000
0.000,44.005,2.000,1.000,2.000,1.000
0.000,21.957,1.000,2.000,1.000,2.000
0.000,37.583,2.000,2.000,2.000,2.000
0.000,53.863,1.000,2.000,2.000,2.000
0.000,29.797,2.000,2.000,1.000,2.000
0.000,26.724,2.000,2.000,2.000,2.000
0.000,24.202,2.000,2.000,1.000,2.000
0.000,34.360,1.000,1.000,1.000,1.000
0.000,24.865,2.000,2.000,1.000,2.000
0.000,33.743,2.000,2.000,2.000,2.000
0.000,36.222,2.000,1.000,1.000,1.000
0.000,24.222,1.000,2.000,2.000,2.000
0.000,43.814,1.000,2.000,2.000,2.000
0.000,22.577,3.000,2.000,2.000,2.000
0.000,47.893,3.000,2.000,2.000,2.000
0.000,37.563,1.000,2.000,1.000,1.000
0.000,24.414,2.000,2.000,2.000,2.000
0.000,28.234,2.000,2.000,1.000,2.000
0.000,20.589,2.000,2.000,1.000,1.000
0.000,27.883,2.000,2.000,1.000,2.000
0.000,23.604,1.000,2.000,1.000,2.000
0.000,20.841,2.000,1.000,2.000,2.000
0.000,34.511,1.000,2.000,2.000,2.000
0.000,32.747,1.000,2.000,2.000,2.000
0.000,30.151,1.000,2.000,2.000,2.000
0.000,22.428,2.000,2.000,1.000,2.000
0.000,23.454,1.000,2.000,1.000,2.000
0.000,31.802,2.000,2.000,1.000,1.000
0.000,22.964,1.000,2.000,2.000,2.000
0.000,37.318,1.000,2.000,2.000,2.000
0.000,29.353,2.000,2.000,2.000,2.000
0.000,51.909,2.000,2.000,1.000,1.000
0.000,26.825,2.000,2.000,2.000,2.000
0.000,40.758,1.000,2.000,2.000,2.000
0.000,40.515,2.000,2.000,1.000,2.000
0.000,25.150,2.000,2.000,1.000,2.000
0.000,30.291,2.000,2.000,1.000,2.000
0.000,20.572,1.000,2.000,2.000,2.000
0.000,29.599,2.000,2.000,2.000,1.000
0.000,21.392,1.000,2.000,1.000,2.000
0.000,26.524,2.000,1.000,1.000,1.000
0.000,23.638,1.000,2.000,1.000,2.000
0.000,24.874,2.000,2.000,2.000,2.000
0.000,26.419,1.000,2.000,1.000,2.000
0.000,31.895,2.000,2.000,2.000,2.000
0.000,32.917,1.000,2.000,2.000,2.000
0.000,37.425,2.000,2.000,1.000,2.000
0.000,28.136,1.000,2.000,1.000,2.000
0.000,24.715,2.000,2.000,1.000,2.000
0.000,35.117,2.000,2.000,1.000,2.000
0.000,32.563,2.000,2.000,2.000,2.000
0.000,35.033,2.000,2.000,1.000,2.000
0.000,43.274,2.000,2.000,2.000,2.000
0.000,23.534,1.000,2.000,2.000,2.000
0.000,25.011,2.000,2.000,1.000,2.000
0.000,26.607,1.000,2.000,2.000,2.000
0.000,41.411,2.000,2.000,1.000,2.000
0.000,20.348,1.000,1.000,2.000,1.000
0.000,35.241,1.000,2.000,1.000,2.000
0.000,44.299,1.000,2.000,2.000,2.000
0.000,38.612,2.000,2.000,1.000,2.000
0.000,33.531,2.000,2.000,1.000,2.000
0.000,22.530,2.000,2.000,1.000,2.000
0.000,46.513,1.000,2.000,2.000,2.000
0.000,28.049,3.000,2.000,2.000,2.000
0.000,40.293,2.000,2.000,1.000,2.000
0.000,20.726,2.000,1.000,2.000,1.000
0.000,26.530,1.000,2.000,2.000,2.000
0.000,38.763,2.000,1.000,1.000,1.000
0.000,35.564,3.000,2.000,2.000,2.000
0.000,28.248,2.000,2.000,2.000,2.000
0.000,37.121,2.000,1.000,1.000,1.000
0.000,22.783,2.000,1.000,2.000,1.000
0.000,37.071,2.000,1.000,2.000,1.000
0.000,35.003,3.000,2.000,1.000,2.000
0.000,39.016,2.000,2.000,2.000,2.000
0.000,29.210,2.000,2.000,2.000,2.000
0.000,21.606,2.000,2.000,2.000,2.000
0.000,25.406,1.000,2.000,2.000,2.000
0.000,36.409,2.000,2.000,1.000,2.000
0.000,34.306,1.000,2.000,2.000,2.000
0.000,20.183,2.000,2.000,1.000,2.000
0.000,24.966,1.000,1.000,1.000,1.000
0.000,22.991,2.000,1.000,1.000,1.000
0.000,22.931,1.000,2.000,1.000,2.000
0.000,31.767,1.000,2.000,1.000,2.000
0.000,40.783,2.000,2.000,1.000,2.000
0.000,25.712,2.000,2.000,2.000,2.000
0.000,20.233,1.000,2.000,2.000,2.000
0.000,20.821,1.000,2.000,1.000,2.000
0.000,22.241,2.000,2.000,1.000,2.000
0.000,23.317,2.000,2.000,2.000,2.000
0.000,26.167,2.000,2.000,2.000,2.000
0.000,26.223,2.000,1.000,2.000,1.000
0.000,28.905,2.000,2.000,1.000,2.000
0.000,30.319,2.000,2.000,2.000,2.000
0.000,22.084,2.000,2.000,1.000,2.000
0.000,22.068,2.000,2.000,2.000,2.000
0.000,26.666,3.000,2.000,1.000,2.000
0.000,28.726,1.000,2.000,1.000,2.000
0.000,31.088,3.000,2.000,2.000,2.000
0.000,23.385,1.000,2.000,2.000,1.000
0.000,25.841,1.000,2.000,2.000,1.000
0.000,29.397,2.000,2.000,2.000,2.000
0.000,37.357,2.000,1.000,1.000,1.000
0.000,27.574,2.000,2.000,1.000,2.000
0.000,39.152,1.000,2.000,2.000,2.000
0.000,22.795,3.000,2.000,1.000,2.000
0.000,33.407,1.000,2.000,2.000,2.000
0.000,28.027,1.000,2.000,2.000,1.000
0.000,24.968,2.000,2.000,1.000,2.000
0.000,20.045,2.000,2.000,1.000,2.000
0.000,41.320,1.000,2.000,1.000,2.000
0.000,31.903,1.000,1.000,2.000,2.000
0.000,35.850,2.000,2.000,1.000,2.000
0.000,20.610,2.000,2.000,1.000,2.000
0.000,22.486,1.000,2.000,1.000,2.000
0.000,33.080,1.000,2.000,1.000,2.000
0.000,33.509,1.000,2.000,1.000,2.000
0.000,24.565,2.000,2.000,1.000,1.000
0.000,22.381,2.000,2.000,2.000,2.000
0.000,27.785,3.000,2.000,1.000,2.000
0.000,26.615,2.000,2.000,1.000,2.000
0.000,28.749,1.000,2.000,2.000,1.000
0.000,20.421,1.000,1.000,1.000,1.000
0.000,22.734,2.000,2.000,2.000,2.000
0.000,21.731,1.000,2.000,2.000,1.000
0.000,25.632,2.000,2.000,1.000,2.000
0.000,34.556,2.000,2.000,2.000,2.000
0.000,40.943,2.000,2.000,1.000,1.000
0.000,35.104,1.000,2.000,1.000,2.000
0.000,27.000,1.000,2.000,2.000,2.000
0.000,20.596,2.000,2.000,1.000,2.000
0.000,44.557,2.000,2.000,2.000,2.000
0.000,33.806,1.000,2.000,1.000,2.000
0.000,30.950,2.000,2.000,1.000,2.000
0.000,30.904,1.000,2.000,2.000,2.000
0.000,35.062,1.000,1.000,1.000,1.000
0.000,36.364,2.000,2.000,1.000,2.000
0.000,27.884,2.000,2.000,1.000,2.000
0.000,32.445,2.000,2.000,2.000,2.000
0.000,30.569,1.000,2.000,2.000,2.000
0.000,31.637,2.000,2.000,1.000,2.000
0.000,22.501,1.000,2.000,1.000,2.000
0.000,31.817,1.000,2.000,1.000,2.000
0.000,33.835,1.000,2.000,2.000,1.000
0.000,22.133,2.000,2.000,2.000,2.000
0.000,26.882,2.000,2.000,2.000,2.000
0.000,36.352,1.000,2.000,1.000,2.000
0.000,27.899,2.000,1.000,1.000,2.000
0.000,26.689,2.000,2.000,2.000,2.000
0.000,34.114,2.000,2.000,1.000,2.000
0.000,29.243,1.000,2.000,2.000,2.000
0.000,33.943,1.000,2.000,2.000,2.000
0.000,31.935,1.000,2.000,2.000,2.000
0.000,25.364,2.000,2.000,1.000,2.000
0.000,29.335,1.000,2.000,1.000,2.000
0.000,35.542,2.000,1.000,1.000,2.000
0.000,27.365,2.000,1.000,2.000,1.000
0.000,34.431,1.000,2.000,2.000,2.000
0.000,26.508,2.000,2.000,2.000,2.000
0.000,26.526,2.000,2.000,2.000,2.000
0.000,22.439,3.000,2.000,2.000,1.000
0.000,29.609,2.000,1.000,2.000,1.000
0.000,21.974,2.000,2.000,2.000,2.000
0.000,22.839,2.000,2.000,1.000,2.000
0.000,39.009,2.000,2.000,2.000,2.000
0.000,31.816,2.000,2.000,1.000,2.000
0.000,30.645,1.000,2.000,1.000,2.000
0.000,34.376,2.000,2.000,2.000,2.000
0.000,29.665,1.000,2.000,1.000,2.000
0.000,25.658,2.000,2.000,1.000,2.000
0.000,21.379,1.000,2.000,2.000,1.000
0.000,45.736,1.000,1.000,2.000,1.000
0.000,37.546,1.000,2.000,1.000,2.000
0.000,31.047,1.000,2.000,1.000,2.000
0.000,30.165,2.000,2.000,1.000,2.000
0.000,56.675,1.000,2.000,1.000,2.000
0.000,40.496,2.000,2.000,1.000,2.000
0.000,51.628,2.000,1.000,2.000,1.000
0.000,25.438,1.000,2.000,2.000,2.000
0.000,32.930,1.000,2.000,2.000,2.000
0.000,37.313,3.000,2.000,2.000,2.000
0.000,24.053,1.000,2.000,1.000,2.000
0.000,23.626,2.000,2.000,1.000,2.000
0.000,27.183,2.000,2.000,1.000,2.000
0.000,32.037,3.000,1.000,2.000,1.000
0.000,22.901,1.000,2.000,1.000,2.000
0.000,25.017,2.000,2.000,2.000,2.000
0.000,31.922,2.000,2.000,2.000,2.000
0.000,33.074,2.000,2.000,2.000,2.000
0.000,33.094,2.000,1.000,2.000,1.000
0.000,31.349,1.000,2.000,1.000,1.000
0.000,26.070,3.000,2.000,1.000,1.000
0.000,29.921,1.000,2.000,1.000,2.000
0.000,30.147,1.000,2.000,2.000,2.000
0.000,40.393,2.000,2.000,2.000,2.000
0.000,23.072,2.000,2.000,1.000,2.000
0.000,26.243,2.000,1.000,2.000,1.000
0.000,34.061,2.000,2.000,1.000,2.000
0.000,28.377,2.000,2.000,2.000,2.000
0.000,24.023,2.000,2.000,2.000,2.000
0.000,29.872,2.000,1.000,1.000,1.000
0.000,37.786,1.000,2.000,2.000,2.000
0.000,44.468,2.000,2.000,1.000,2.000
0.000,25.378,2.000,2.000,2.000,2.000
0.000,32.609,2.000,2.000,1.000,2.000
0.000,22.646,2.000,2.000,1.000,2.000
0.000,21.917,2.000,2.000,1.000,2.000
0.000,25.341,2.000,1.000,1.000,1.000
0.000,37.678,2.000,2.000,2.000,2.000
0.000,27.430,1.000,2.000,1.000,2.000
0.000,41.714,1.000,2.000,1.000,2.000
0.000,34.815,1.000,2.000,2.000,2.000
0.000,32.429,1.000,2.000,1.000,2.000
0.000,33.913,1.000,2.000,1.000,2.000
0.000,23.245,1.000,2.000,1.000,2.000
0.000,32.911,2.000,2.000,1.000,2.000
0.000,29.083,2.000,2.000,2.000,2.000
0.000,40.205,2.000,2.000,1.000,2.000
0.000,25.319,1.000,2.000,1.000,2.000
0.000,44.686,2.000,2.000,2.000,2.000
0.000,26.298,1.000,2.000,2.000,2.000
0.000,28.438,1.000,2.000,1.000,2.000
0.000,31.752,2.000,1.000,2.000,1.000
0.000,36.563,2.000,1.000,2.000,1.000
0.000,30.093,1.000,2.000,1.000,2.000
0.000,27.644,1.000,2.000,1.000,2.000
0.000,23.977,1.000,2.000,1.000,2.000
0.000,23.410,1.000,2.000,2.000,2.000
0.000,23.793,1.000,2.000,1.000,2.000
0.000,21.554,1.000,2.000,1.000,2.000
0.000,35.293,1.000,1.000,2.000,1.000
0.000,22.465,3.000,2.000,1.000,1.000
0.000,43.662,1.000,2.000,1.000,2.000
0.000,20.395,1.000,1.000,2.000,2.000
0.000,25.112,2.000,2.000,2.000,2.000
0.000,23.031,1.000,2.000,1.000,2.000
0.000,25.474,2.000,2.000,2.000,1.000
0.000,27.104,2.000,2.000,1.000,2.000
0.000,30.319,1.000,2.000,2.000,2.000
0.000,36.662,2.000,2.000,2.000,2.000
0.000,36.481,1.000,2.000,2.000,2.000
0.000,31.196,2.000,2.000,1.000,2.000
0.000,31.078,2.000,2.000,2.000,2.000
0.000,26.406,2.000,2.000,2.000,2.000
0.000,31.997,1.000,2.000,2.000,2.000
0.000,37.450,2.000,2.000,1.000,1.000
0.000,35.829,1.000,2.000,2.000,2.000
0.000,25.027,2.000,1.000,2.000,1.000
0.000,21.007,1.000,1.000,1.000,1.000
0.000,31.991,3.000,1.000,1.000,2.000
0.000,29.622,1.000,2.000,1.000,2.000
0.000,43.982,2.000,2.000,1.000,2.000
0.000,21.828,2.000,2.000,1.000,2.000
0.000,31.051,1.000,2.000,2.000,1.000
0.000,27.418,1.000,2.000,2.000,2.000
0.000,29.994,1.000,2.000,2.000,1.000
0.000,23.024,2.000,1.000,2.000,1.000
0.000,25.737,3.000,2.000,1.000,1.000
0.000,28.500,1.000,2.000,2.000,2.000
0.000,20.544,1.000,2.000,2.000,2.000
0.000,30.558,3.000,2.000,1.000,2.000
0.000,38.392,2.000,1.000,2.000,1.000
0.000,24.161,1.000,2.000,2.000,2.000
0.000,26.950,1.000,2.000,2.000,2.000
0.000,38.885,1.000,2.000,2.000,2.000
0.000,30.957,2.000,2.000,1.000,2.000
0.000,22.015,2.000,1.000,1.000,1.000
0.000,35.007,2.000,2.000,1.000,2.000
0.000,39.289,2.000,2.000,1.000,2.000
0.000,28.396,1.000,2.000,1.000,2.000
0.000,33.289,2.000,2.000,1.000,2.000
0.000,41.313,2.000,2.000,1.000,2.000
0.000,41.309,2.000,2.000,1.000,2.000
0.000,40.858,1.000,2.000,1.000,2.000
0.000,32.947,1.000,2.000,1.000,2.000
0.000,34.878,2.000,2.000,2.000,2.000
0.000,23.791,2.000,2.000,1.000,2.000
0.000,43.291,3.000,2.000,2.000,2.000
0.000,22.473,1.000,1.000,1.000,1.000
0.000,27.458,2.000,2.000,1.000,2.000
0.000,27.766,1.000,2.000,1.000,2.000
0.000,36.700,1.000,2.000,2.000,2.000
0.000,28.418,1.000,2.000,2.000,2.000
0.000,23.626,1.000,2.000,2.000,2.000
0.000,23.336,2.000,2.000,2.000,2.000
0.000,38.069,1.000,2.000,1.000,2.000
0.000,27.235,2.000,2.000,1.000,2.000
0.000,36.795,1.000,2.000,1.000,2.000
0.000,28.462,3.000,1.000,1.000,1.000
0.000,33.275,1.000,2.000,1.000,2.000
0.000,25.623,3.000,2.000,2.000,2.000
0.000,26.110,2.000,2.000,1.000,1.000
0.000,27.808,2.000,1.000,2.000,1.000
0.000,30.073,3.000,2.000,1.000,2.000
0.000,33.946,2.000,1.000,1.000,1.000
0.000,26.986,1.000,2.000,2.000,2.000
0.000,39.147,1.000,2.000,2.000,2.000
0.000,26.924,2.000,2.000,1.000,2.000
0.000,37.656,3.000,2.000,2.000,2.000
0.000,29.856,2.000,2.000,1.000,2.000
0.000,30.330,1.000,2.000,2.000,2.000
0.000,24.525,2.000,1.000,2.000,1.000
0.000,20.952,1.000,1.000,1.000,2.000
0.000,20.586,2.000,2.000,1.000,2.000
0.000,37.608,3.000,2.000,1.000,2.000
0.000,36.615,1.000,2.000,2.000,2.000
0.000,24.196,1.000,2.000,1.000,2.000
0.000,22.919,2.000,2.000,2.000,1.000
0.000,29.497,1.000,2.000,1.000,1.000
0.000,23.650,1.000,2.000,1.000,2.000
0.000,38.966,2.000,2.000,2.000,2.000
0.000,21.524,2.000,1.000,1.000,1.000
0.000,34.826,1.000,2.000,2.000,2.000
0.000,33.719,1.000,2.000,1.000,2.000
0.000,31.109,1.000,2.000,1.000,2.000
0.000,39.405,2.000,2.000,2.000,2.000
0.000,36.941,2.000,2.000,2.000,2.000
0.000,37.672,3.000,2.000,2.000,1.000
0.000,21.329,1.000,2.000,2.000,1.000
0.000,20.504,1.000,2.000,1.000,1.000
0.000,23.120,2.000,2.000,1.000,2.000
0.000,22.955,1.000,2.000,2.000,2.000
0.000,37.604,1.000,2.000,2.000,2.000
0.000,29.022,1.000,2.000,2.000,2.000
0.000,26.955,1.000,2.000,1.000,2.000
0.000,40.335,2.000,2.000,2.000,2.000
0.000,23.303,2.000,2.000,1.000,2.000
0.000,27.852,2.000,2.000,1.000,2.000
0.000,29.138,2.000,2.000,2.000,2.000
0.000,25.048,2.000,1.000,2.000,1.000
0.000,22.193,1.000,2.000,1.000,2.000
0.000,22.718,2.000,2.000,1.000,2.000
0.000,34.113,2.000,2.000,1.000,2.000
0.000,32.619,3.000,1.000,2.000,1.000
0.000,24.053,2.000,2.000,2.000,2.000
0.000,20.857,2.000,2.000,2.000,2.000
0.000,28.007,1.000,2.000,2.000,2.000
0.000,23.842,2.000,2.000,1.000,1.000
0.000,28.814,2.000,2.000,2.000,2.000
0.000,47.370,2.000,2.000,1.000,2.000
0.000,24.721,2.000,2.000,1.000,2.000
0.000,33.327,3.000,2.000,2.000,2.000
0.000,32.402,2.000,2.000,2.000,2.000
0.000,37.020,3.000,2.000,1.000,2.000
0.000,35.222,2.000,2.000,2.000,2.000
0.000,25.310,1.000,2.000,1.000,2.000
0.000,34.180,3.000,2.000,1.000,2.000
0.000,43.275,1.000,2.000,2.000,2.000
0.000,26.909,1.000,2.000,1.000,2.000
0.000,30.091,2.000,1.000,1.000,1.000
0.000,48.185,3.000,2.000,1.000,1.000
0.000,33.854,1.000,2.000,1.000,2.000
0.000,32.424,1.000,2.000,2.000,2.000
0.000,34.227,1.000,2.000,2.000,2.000
0.000,26.233,2.000,2.000,1.000,2.000
0.000,22.589,1.000,2.000,2.000,1.000
0.000,21.575,2.000,2.000,1.000,2.000
0.000,29.028,1.000,2.000,1.000,2.000
0.000,28.229,2.000,2.000,2.000,2.000
0.000,26.413,2.000,2.000,1.000,2.000
0.000,28.134,2.000,2.000,1.000,2.000
0.000,27.295,2.000,2.000,2.000,2.000
0.000,32.685,1.000,2.000,2.000,2.000
0.000,39.170,3.000,2.000,1.000,2.000
0.000,44.464,1.000,2.000,2.000,2.000
0.000,28.206,2.000,2.000,2.000,2.000
0.000,37.562,2.000,2.000,2.000,1.000
0.000,41.698,2.000,1.000,2.000,1.000
0.000,29.963,1.000,2.000,2.000,2.000
0.000,26.806,1.000,2.000,2.000,2.000
0.000,47.550,3.000,2.000,2.000,2.000
0.000,36.923,1.000,2.000,2.000,2.000
0.000,21.099,1.000,2.000,2.000,2.000
0.000,40.124,2.000,2.000,2.000,2.000
0.000,42.723,1.000,2.000,1.000,2.000
0.000,20.869,2.000,2.000,1.000,2.000
0.000,22.562,1.000,2.000,2.000,2.000
0.000,30.412,1.000,2.000,2.000,2.000
0.000,22.929,1.000,2.000,2.000,2.000
0.000,40.122,1.000,2.000,1.000,2.000
0.000,26.936,1.000,2.000,2.000,2.000
0.000,20.359,2.000,2.000,2.000,2.000
0.000,22.146,1.000,2.000,1.000,2.000
0.000,29.724,1.000,2.000,1.000,2.000
0.000,24.874,1.000,2.000,1.000,2.000
0.000,27.486,1.000,2.000,1.000,2.000
0.000,35.599,1.000,2.000,1.000,2.000
0.000,29.771,2.000,2.000,2.000,2.000
0.000,34.260,2.000,1.000,1.000,1.000
0.000,29.942,2.000,2.000,1.000,2.000
0.000,37.748,2.000,2.000,1.000,2.000
0.000,36.828,1.000,2.000,2.000,2.000
0.000,27.935,2.000,2.000,2.000,2.000
0.000,38.403,1.000,2.000,2.000,2.000
0.000,35.558,1.000,2.000,2.000,1.000
0.000,36.232,2.000,2.000,2.000,2.000
0.000,36.728,1.000,2.000,1.000,2.000
0.000,30.616,1.000,2.000,1.000,2.000
0.000,28.463,2.000,2.000,2.000,1.000
0.000,29.113,2.000,2.000,1.000,2.000
0.000,32.427,2.000,2.000,2.000,1.000
0.000,34.077,1.000,2.000,2.000,2.000
0.000,31.752,1.000,2.000,2.000,2.000
0.000,31.982,2.000,2.000,2.000,1.000
0.000,20.171,1.000,2.000,1.000,2.000
0.000,23.058,2.000,2.000,1.000,2.000
0.000,36.398,2.000,2.000,2.000,2.000
0.000,38.610,1.000,2.000,1.000,2.000
0.000,29.489,3.000,1.000,1.000,1.000
0.000,31.042,1.000,2.000,2.000,2.000
0.000,32.420,2.000,2.000,1.000,2.000
0.000,34.392,2.000,2.000,2.000,2.000
0.000,24.312,2.000,2.000,1.000,2.000
0.000,53.818,2.000,2.000,1.000,2.000
0.000,23.288,1.000,1.000,1.000,1.000
0.000,29.085,1.000,1.000,2.000,1.000
0.000,38.269,3.000,2.000,1.000,2.000
0.000,37.856,1.000,2.000,2.000,2.000
0.000,20.013,2.000,2.000,2.000,2.000
0.000,20.305,2.000,2.000,1.000,2.000
0.000,26.661,1.000,2.000,2.000,1.000
0.000,38.841,1.000,2.000,2.000,2.000
0.000,35.178,2.000,2.000,1.000,2.000
0.000,27.765,2.000,2.000,2.000,2.000
0.000,28.901,2.000,2.000,2.000,2.000
0.000,32.756,3.000,2.000,1.000,2.000
0.000,23.043,2.000,2.000,2.000,2.000
0.000,21.971,3.000,1.000,1.000,1.000
0.000,36.624,1.000,2.000,2.000,2.000
0.000,41.588,2.000,2.000,2.000,2.000
0.000,20.203,1.000,2.000,1.000,1.000
0.000,29.111,3.000,2.000,2.000,1.000
0.000,27.314,2.000,2.000,2.000,2.000
0.000,50.122,1.000,2.000,2.000,2.000
0.000,36.053,1.000,2.000,2.000,2.000
0.000,30.761,1.000,2.000,1.000,1.000
0.000,20.490,2.000,2.000,1.000,2.000
0.000,30.792,1.000,2.000,2.000,2.000
0.000,25.495,2.000,2.000,1.000,2.000
0.000,20.865,1.000,2.000,1.000,2.000
0.000,26.957,1.000,2.000,2.000,2.000
0.000,34.035,1.000,2.000,2.000,2.000
0.000,21.183,1.000,2.000,2.000,2.000
0.000,27.383,1.000,2.000,2.000,2.000
0.000,37.566,2.000,2.000,1.000,2.000
0.000,35.762,1.000,2.000,2.000,2.000
0.000,27.136,1.000,2.000,1.000,2.000
0.000,30.246,2.000,2.000,1.000,2.000
0.000,34.668,2.000,1.000,2.000,1.000
0.000,29.493,1.000,2.000,2.000,2.000
0.000,28.614,2.000,2.000,2.000,2.000
0.000,24.762,1.000,2.000,2.000,2.000
0.000,29.575,3.000,2.000,2.000,2.000
0.000,27.840,2.000,2.000,2.000,2.000
0.000,21.699,2.000,2.000,2.000,2.000
0.000,33.107,1.000,2.000,1.000,2.000
0.000,24.605,3.000,2.000,1.000,2.000
0.000,26.519,3.000,2.000,2.000,2.000
0.000,22.595,2.000,2.000,1.000,2.000
0.000,30.892,1.000,2.000,2.000,2.000
0.000,44.198,1.000,2.000,2.000,2.000
0.000,24.491,1.000,2.000,1.000,2.000
0.000,21.113,2.000,2.000,2.000,2.000
0.000,24.117,2.000,2.000,1.000,2.000
0.000,36.886,2.000,2.000,1.000,2.000
0.000,32.171,1.000,2.000,2.000,2.000
0.000,24.552,2.000,2.000,2.000,2.000
0.000,34.054,2.000,2.000,1.000,2.000
0.000,33.582,2.000,2.000,2.000,2.000
0.000,27.328,1.000,2.000,1.000,2.000
0.000,21.051,1.000,1.000,1.000,1.000
0.000,29.303,1.000,2.000,2.000,2.000
0.000,26.092,2.000,2.000,1.000,2.000
0.000,42.474,2.000,2.000,1.000,2.000
0.000,23.287,1.000,2.000,2.000,2.000
0.000,27.460,1.000,2.000,1.000,2.000
0.000,20.214,2.000,2.000,1.000,2.000
0.000,27.306,1.000,1.000,2.000,1.000
0.000,24.053,1.000,2.000,1.000,2.000
0.000,27.653,1.000,2.000,1.000,1.000
0.000,35.267,1.000,2.000,1.000,2.000
0.000,25.667,3.000,2.000,2.000,2.000
0.000,20.476,2.000,2.000,1.000,1.000
0.000,41.623,2.000,2.000,2.000,2.000
0.000,40.798,2.000,2.000,1.000,2.000
0.000,21.769,2.000,2.000,1.000,2.000
0.000,33.214,2.000,2.000,1.000,2.000
0.000,26.090,2.000,2.000,2.000,2.000
0.000,25.993,1.000,2.000,1.000,2.000
0.000,28.818,2.000,2.000,1.000,2.000
0.000,29.810,1.000,2.000,2.000,2.000
0.000,26.957,2.000,2.000,1.000,2.000
0.000,27.695,3.000,2.000,1.000,2.000
0.000,36.234,2.000,2.000,2.000,2.000
0.000,40.651,2.000,2.000,1.000,1.000
0.000,23.784,2.000,2.000,1.000,2.000
0.000,29.412,1.000,2.000,1.000,2.000
0.000,29.954,1.000,2.000,1.000,2.000
0.000,51.285,1.000,2.000,1.000,2.000
0.000,30.414,1.000,2.000,2.000,2.000
0.000,21.263,2.000,2.000,1.000,2.000
0.000,20.623,1.000,1.000,2.000,2.000
0.000,32.597,1.000,2.000,2.000,2.000
0.000,37.789,3.000,2.000,2.000,2.000
0.000,40.225,1.000,2.000,1.000,2.000
0.000,33.946,2.000,2.000,1.000,2.000
0.000,25.984,2.000,1.000,1.000,1.000
0.000,23.958,1.000,2.000,2.000,2.000
0.000,26.856,2.000,2.000,1.000,2.000
0.000,24.382,2.000,2.000,1.000,2.000
0.000,33.978,3.000,2.000,2.000,1.000
0.000,22.183,2.000,2.000,1.000,2.000
0.000,46.543,2.000,2.000,1.000,2.000
0.000,33.705,2.000,2.000,1.000,2.000
0.000,25.013,3.000,2.000,1.000,2.000
0.000,29.025,1.000,2.000,1.000,2.000
0.000,31.347,2.000,2.000,1.000,1.000
0.000,24.140,1.000,2.000,2.000,2.000
0.000,25.837,2.000,2.000,1.000,2.000
0.000,40.036,2.000,2.000,1.000,2.000
0.000,47.440,2.000,2.000,1.000,2.000
0.000,40.994,1.000,2.000,1.000,2.000
0.000,46.483,1.000,2.000,1.000,2.000
0.000,21.380,2.000,2.000,2.000,2.000
0.000,22.170,1.000,2.000,2.000,2.000
0.000,31.392,1.000,2.000,1.000,2.000
0.000,35.328,1.000,1.000,1.000,1.000
0.000,27.963,1.000,2.000,1.000,2.000
0.000,20.557,1.000,2.000,1.000,2.000
0.000,26.401,1.000,2.000,2.000,2.000
0.000,43.919,1.000,2.000,2.000,2.000
0.000,33.650,2.000,1.000,1.000,1.000
0.000,22.528,2.000,2.000,1.000,2.000
0.000,25.527,2.000,2.000,2.000,2.000
0.000,26.066,1.000,2.000,2.000,1.000
0.000,26.775,2.000,2.000,1.000,2.000
0.000,20.491,1.000,2.000,1.000,2.000
0.000,33.130,2.000,2.000,1.000,2.000
0.000,41.996,1.000,2.000,2.000,2.000
0.000,27.987,2.000,2.000,1.000,2.000
0.000,36.361,1.000,2.000,1.000,2.000
0.000,23.506,2.000,2.000,2.000,2.000
0.000,23.318,2.000,2.000,2.000,2.000
0.000,23.262,2.000,2.000,1.000,2.000
0.000,27.376,2.000,2.000,2.000,2.000
0.000,36.421,1.000,2.000,2.000,2.000
0.000,34.324,2.000,2.000,2.000,2.000
0.000,30.592,1.000,2.000,1.000,2.000
0.000,27.940,2.000,2.000,2.000,2.000
0.000,35.462,2.000,2.000,2.000,2.000
0.000,23.885,2.000,2.000,2.000,2.000
0.000,30.599,2.000,2.000,1.000,2.000
0.000,29.350,1.000,2.000,2.000,2.000
0.000,22.185,1.000,1.000,2.000,2.000
0.000,21.153,1.000,2.000,1.000,2.000
0.000,38.193,3.000,2.000,2.000,2.000
0.000,33.554,1.000,2.000,2.000,2.000
0.000,33.154,2.000,2.000,1.000,2.000
0.000,24.446,1.000,2.000,2.000,2.000
0.000,20.933,2.000,2.000,2.000,2.000
0.000,31.155,2.000,2.000,1.000,2.000
0.000,24.741,1.000,2.000,2.000,1.000
0.000,42.761,1.000,2.000,1.000,2.000
0.000,21.008,1.000,2.000,2.000,2.000
0.000,32.160,1.000,2.000,1.000,2.000
0.000,29.435,2.000,2.000,1.000,2.000
0.000,29.534,3.000,2.000,1.000,2.000
0.000,20.116,2.000,2.000,2.000,2.000
0.000,41.634,1.000,2.000,1.000,2.000
0.000,34.844,1.000,2.000,2.000,2.000
0.000,39.269,2.000,2.000,2.000,2.000
0.000,37.608,1.000,2.000,1.000,2.000
0.000,24.766,2.000,2.000,2.000,2.000
0.000,25.860,1.000,2.000,2.000,2.000
0.000,24.912,2.000,1.000,2.000,1.000
0.000,21.840,2.000,2.000,2.000,2.000
0.000,35.900,2.000,2.000,1.000,2.000
0.000,34.173,1.000,2.000,1.000,2.000
0.000,25.811,2.000,2.000,1.000,2.000
0.000,20.033,2.000,2.000,1.000,2.000
0.000,40.100,1.000,2.000,2.000,2.000
0.000,26.392,2.000,2.000,2.000,2.000
0.000,23.949,1.000,2.000,2.000,1.000
0.000,39.809,1.000,2.000,1.000,2.000
0.000,41.303,1.000,2.000,1.000,2.000
0.000,27.558,2.000,2.000,2.000,2.000
0.000,20.003,2.000,2.000,1.000,1.000
0.000,22.957,1.000,2.000,1.000,2.000
0.000,24.828,2.000,2.000,2.000,2.000
0.000,26.715,2.000,2.000,2.000,2.000
0.000,22.168,1.000,2.000,2.000,2.000
0.000,20.267,2.000,2.000,2.000,2.000
0.000,45.041,2.000,2.000,1.000,2.000
0.000,38.972,2.000,2.000,1.000,2.000
0.000,33.882,1.000,1.000,1.000,1.000
0.000,29.296,3.000,2.000,2.000,1.000
0.000,20.877,1.000,2.000,1.000,2.000
0.000,34.089,2.000,2.000,1.000,1.000
0.000,25.682,1.000,2.000,1.000,2.000
0.000,33.741,2.000,1.000,1.000,1.000
0.000,37.545,2.000,2.000,1.000,2.000
0.000,36.288,2.000,2.000,2.000,2.000
0.000,22.087,2.000,2.000,2.000,2.000
0.000,22.005,1.000,2.000,1.000,2.000
0.000,34.999,1.000,2.000,1.000,2.000
0.000,22.140,1.000,2.000,1.000,2.000
0.000,38.892,2.000,2.000,1.000,2.000
0.000,20.943,1.000,1.000,1.000,1.000
0.000,25.975,2.000,2.000,2.000,2.000
0.000,30.273,1.000,2.000,1.000,2.000
0.000,34.537,1.000,2.000,2.000,2.000
0.000,32.536,2.000,2.000,1.000,1.000
0.000,26.782,2.000,2.000,2.000,1.000
0.000,31.065,1.000,2.000,2.000,1.000
0.000,25.377,1.000,2.000,2.000,2.000
0.000,27.615,3.000,2.000,2.000,2.000
0.000,23.861,1.000,2.000,2.000,2.000
0.000,21.423,2.000,2.000,2.000,2.000
0.000,34.982,2.000,2.000,1.000,2.000
0.000,31.743,1.000,2.000,1.000,2.000
0.000,31.060,1.000,2.000,2.000,2.000
0.000,24.950,2.000,1.000,1.000,1.000
0.000,37.857,2.000,2.000,2.000,2.000
0.000,22.177,3.000,2.000,1.000,1.000
0.000,24.252,1.000,2.000,1.000,2.000
0.000,24.175,2.000,2.000,2.000,1.000
0.000,44.108,1.000,2.000,2.000,2.000
0.000,41.431,1.000,2.000,2.000,2.000
0.000,24.856,1.000,2.000,1.000,2.000
0.000,22.713,2.000,2.000,1.000,2.000
0.000,23.337,3.000,2.000,2.000,2.000
0.000,24.020,3.000,2.000,1.000,2.000
0.000,47.967,1.000,2.000,2.000,2.000
0.000,20.307,2.000,2.000,2.000,2.000
0.000,46.555,1.000,2.000,2.000,2.000
0.000,25.951,1.000,2.000,2.000,2.000
0.000,32.265,1.000,2.000,1.000,2.000
0.000,23.863,1.000,2.000,1.000,2.000
0.000,26.584,3.000,2.000,2.000,1.000
0.000,33.829,2.000,2.000,2.000,2.000
0.000,29.480,1.000,2.000,2.000,1.000
0.000,24.921,2.000,2.000,1.000,2.000
0.000,27.181,2.000,1.000,2.000,1.000
0.000,27.788,3.000,2.000,1.000,2.000
0.000,26.968,3.000,2.000,1.000,2.000
0.000,28.983,1.000,2.000,2.000,2.000
0.000,22.728,2.000,2.000,1.000,2.000
0.000,21.851,2.000,2.000,1.000,2.000
0.000,30.796,2.000,2.000,1.000,2.000
0.000,21.335,1.000,2.000,1.000,2.000
0.000,23.977,1.000,2.000,2.000,2.000
0.000,20.970,2.000,2.000,2.000,2.000
0.000,22.730,2.000,1.000,2.000,1.000
0.000,26.964,3.000,2.000,1.000,2.000
0.000,29.415,1.000,2.000,2.000,2.000
0.000,38.147,2.000,2.000,2.000,2.000
0.000,30.381,2.000,2.000,2.000,2.000
0.000,24.587,2.000,2.000,1.000,2.000
0.000,23.251,2.000,2.000,1.000,2.000
0.000,26.725,1.000,2.000,2.000,1.000
0.000,28.765,1.000,2.000,1.000,2.000
0.000,28.670,2.000,1.000,1.000,1.000
0.000,24.539,1.000,2.000,1.000,2.000
0.000,35.465,3.000,2.000,1.000,2.000
0.000,22.386,1.000,2.000,2.000,2.000
0.000,27.890,1.000,2.000,1.000,2.000
0.000,31.890,1.000,2.000,1.000,2.000
0.000,21.281,2.000,2.000,2.000,2.000
0.000,40.637,3.000,2.000,2.000,2.000
0.000,31.623,1.000,2.000,2.000,2.000
0.000,29.252,2.000,2.000,2.000,2.000
0.000,27.628,3.000,2.000,2.000,2.000
0.000,37.194,2.000,2.000,2.000,2.000
0.000,24.559,2.000,1.000,2.000,1.000
0.000,24.876,1.000,2.000,2.000,2.000
0.000,22.747,3.000,2.000,1.000,2.000
0.000,24.557,2.000,2.000,1.000,2.000
0.000,32.308,1.000,2.000,1.000,2.000
0.000,22.059,2.000,2.000,1.000,2.000
0.000,26.680,1.000,2.000,2.000,2.000
0.000,27.506,2.000,2.000,2.000,2.000
0.000,43.873,2.000,2.000,1.000,2.000
0.000,22.610,2.000,2.000,1.000,2.000
0.000,36.356,2.000,2.000,2.000,2.000
0.000,25.693,1.000,2.000,2.000,2.000
0.000,36.361,1.000,1.000,1.000,1.000
0.000,35.692,3.000,2.000,1.000,2.000
0.000,36.770,2.000,2.000,1.000,2.000
0.000,24.473,1.000,2.000,2.000,2.000
0.000,46.757,2.000,2.000,1.000,2.000
0.000,22.907,1.000,2.000,1.000,2.000
0.000,23.261,1.000,2.000,1.000,2.000
0.000,28.461,1.000,2.000,2.000,1.000
0.000,24.826,1.000,2.000,1.000,2.000
0.000,25.566,2.000,2.000,1.000,2.000
0.000,20.019,2.000,2.000,1.000,2.000
0.000,30.758,2.000,2.000,1.000,2.000
0.000,33.100,1.000,2.000,2.000,2.000
0.000,22.627,1.000,2.000,2.000,2.000
0.000,21.149,1.000,2.000,2.000,2.000
0.000,23.503,1.000,1.000,2.000,1.000
0.000,23.969,3.000,2.000,1.000,2.000
0.000,20.788,1.000,2.000,1.000,2.000
0.000,28.925,3.000,2.000,1.000,2.000
0.000,20.515,1.000,2.000,1.000,2.000
0.000,27.210,2.000,2.000,1.000,1.000
0.000,34.752,1.000,2.000,1.000,2.000
0.000,26.125,2.000,2.000,1.000,2.000
0.000,24.611,2.000,2.000,2.000,2.000
0.000,20.487,1.000,2.000,1.000,2.000
0.000,29.014,1.000,2.000,2.000,2.000
0.000,23.377,2.000,2.000,1.000,2.000
0.000,28.850,3.000,2.000,2.000,2.000
0.000,21.147,1.000,2.000,1.000,2.000
0.000,26.405,3.000,2.000,1.000,2.000
0.000,24.887,2.000,2.000,1.000,2.000
0.000,27.193,2.000,2.000,1.000,2.000
0.000,30.918,2.000,2.000,2.000,2.000
0.000,41.794,1.000,2.000,2.000,2.000
0.000,33.733,2.000,2.000,1.000,2.000
0.000,39.261,1.000,2.000,1.000,2.000
0.000,38.449,1.000,2.000,2.000,1.000
0.000,41.054,2.000,2.000,2.000,2.000
0.000,22.720,2.000,2.000,1.000,2.000
0.000,23.164,2.000,2.000,1.000,2.000
0.000,22.844,1.000,2.000,2.000,2.000
0.000,30.572,2.000,2.000,1.000,2.000
0.000,29.788,1.000,2.000,2.000,2.000
0.000,51.582,1.000,2.000,1.000,2.000
0.000,22.325,2.000,2.000,1.000,2.000
0.000,37.855,2.000,2.000,1.000,2.000
0.000,35.939,2.000,2.000,1.000,2.000
0.000,33.396,3.000,2.000,1.000,2.000
0.000,23.285,2.000,2.000,2.000,2.000
0.000,42.433,1.000,2.000,2.000,2.000
0.000,30.691,1.000,2.000,1.000,2.000
0.000,29.561,2.000,2.000,2.000,2.000
0.000,37.311,1.000,1.000,2.000,1.000
0.000,28.267,1.000,2.000,1.000,2.000
0.000,30.660,2.000,2.000,1.000,2.000
0.000,24.890,1.000,2.000,1.000,2.000
0.000,30.934,3.000,2.000,2.000,2.000
0.000,26.302,2.000,2.000,1.000,2.000
0.000,26.278,1.000,2.000,2.000,2.000
0.000,47.656,1.000,2.000,2.000,2.000
0.000,42.853,1.000,2.000,2.000,2.000
0.000,22.733,1.000,2.000,1.000,2.000
0.000,30.811,1.000,2.000,2.000,2.000
0.000,31.604,3.000,2.000,2.000,2.000
0.000,27.401,1.000,2.000,1.000,2.000
0.000,31.850,3.000,2.000,2.000,1.000
0.000,31.366,2.000,2.000,2.000,2.000
0.000,25.579,2.000,2.000,2.000,2.000
0.000,25.654,2.000,2.000,2.000,2.000
0.000,29.750,1.000,1.000,2.000,1.000
0.000,20.368,1.000,2.000,1.000,2.000
0.000,25.628,2.000,2.000,1.000,1.000
0.000,34.001,1.000,2.000,2.000,2.000
0.000,26.712,1.000,2.000,1.000,2.000
0.000,32.906,3.000,2.000,1.000,1.000
0.000,36.284,2.000,2.000,2.000,2.000
0.000,29.280,2.000,2.000,2.000,2.000
0.000,34.257,3.000,1.000,1.000,1.000
0.000,27.494,1.000,2.000,2.000,2.000
0.000,23.649,3.000,1.000,2.000,2.000
0.000,20.312,1.000,2.000,2.000,2.000
0.000,26.431,1.000,2.000,1.000,2.000
0.000,40.616,1.000,1.000,1.000,1.000
0.000,20.912,2.000,2.000,1.000,2.000
0.000,30.034,3.000,2.000,1.000,2.000
0.000,21.951,2.000,2.000,1.000,2.000
0.000,22.567,3.000,2.000,2.000,2.000
0.000,30.234,2.000,2.000,1.000,2.000
0.000,22.396,1.000,2.000,1.000,2.000
0.000,31.407,1.000,2.000,2.000,2.000
0.000,34.417,1.000,2.000,1.000,2.000
0.000,41.305,2.000,2.000,2.000,2.000
0.000,27.627,1.000,2.000,1.000,2.000
0.000,31.348,3.000,1.000,2.000,1.000
0.000,48.861,1.000,2.000,2.000,2.000
0.000,34.234,1.000,2.000,2.000,2.000
0.000,42.082,2.000,2.000,2.000,2.000
0.000,40.527,3.000,2.000,1.000,2.000
0.000,27.630,2.000,2.000,2.000,2.000
0.000,21.384,2.000,2.000,1.000,2.000
0.000,35.412,2.000,2.000,2.000,2.000
0.000,42.806,2.000,2.000,2.000,2.000
0.000,21.737,1.000,2.000,2.000,1.000
0.000,41.064,1.000,2.000,1.000,2.000
0.000,22.848,2.000,2.000,1.000,2.000
0.000,33.484,3.000,2.000,2.000,2.000
0.000,54.796,3.000,2.000,2.000,2.000
0.000,24.067,3.000,2.000,2.000,2.000
0.000,25.780,2.000,2.000,2.000,2.000
0.000,47.257,1.000,2.000,2.000,2.000
0.000,32.081,1.000,2.000,1.000,2.000
0.000,21.495,2.000,2.000,2.000,1.000
0.000,23.833,1.000,1.000,1.000,1.000
0.000,39.528,2.000,2.000,1.000,2.000
0.000,29.725,3.000,1.000,2.000,1.000
0.000,28.416,1.000,1.000,2.000,1.000
0.000,41.097,3.000,2.000,1.000,1.000
0.000,28.429,2.000,2.000,2.000,2.000
0.000,25.228,1.000,2.000,2.000,2.000
0.000,30.824,2.000,2.000,2.000,2.000
0.000,29.175,2.000,2.000,2.000,1.000
0.000,29.988,3.000,2.000,1.000,2.000
0.000,27.839,1.000,2.000,1.000,2.000
0.000,20.959,2.000,2.000,2.000,2.000
0.000,30.232,2.000,1.000,1.000,1.000
0.000,41.323,2.000,2.000,2.000,2.000
0.000,23.037,1.000,2.000,1.000,2.000
0.000,27.033,2.000,2.000,1.000,2.000
0.000,38.357,1.000,2.000,2.000,2.000
0.000,49.624,1.000,2.000,2.000,2.000
0.000,30.341,2.000,2.000,2.000,2.000
0.000,27.926,2.000,2.000,2.000,2.000
0.000,21.657,1.000,2.000,2.000,2.000
0.000,24.337,1.000,2.000,1.000,2.000
0.000,23.733,1.000,2.000,2.000,2.000
0.000,20.448,2.000,2.000,2.000,2.000
0.000,29.274,1.000,2.000,2.000,2.000
0.000,23.384,2.000,2.000,2.000,2.000
0.000,27.321,1.000,2.000,1.000,2.000
0.000,20.751,2.000,2.000,2.000,2.000
0.000,20.818,1.000,1.000,2.000,2.000
0.000,29.616,1.000,2.000,2.000,2.000
0.000,21.861,1.000,2.000,1.000,2.000
0.000,45.510,2.000,2.000,2.000,2.000
0.000,26.942,2.000,2.000,1.000,1.000
0.000,22.262,2.000,2.000,1.000,2.000
0.000,20.761,2.000,1.000,2.000,1.000
0.000,39.163,2.000,2.000,1.000,2.000
0.000,33.420,1.000,2.000,2.000,2.000
0.000,23.022,2.000,2.000,2.000,2.000
1.000,56.910,3.000,1.000,1.000,1.000
1.000,50.532,2.000,2.000,1.000,2.000
1.000,27.019,3.000,1.000,1.000,1.000
1.000,28.105,1.000,1.000,1.000,1.000
1.000,29.527,3.000,1.000,1.000,2.000
1.000,28.019,3.000,2.000,1.000,2.000
1.000,42.444,3.000,2.000,1.000,1.000
1.000,35.032,2.000,2.000,1.000,1.000
1.000,23.944,2.000,1.000,1.000,1.000
1.000,35.735,3.000,1.000,1.000,1.000
1.000,29.933,2.000,1.000,2.000,1.000
1.000,41.230,2.000,1.000,2.000,1.000
1.000,41.930,2.000,2.000,2.000,2.000
1.000,43.538,2.000,2.000,2.000,2.000
1.000,42.295,3.000,2.000,2.000,2.000
1.000,39.107,3.000,2.000,2.000,1.000
1.000,54.135,3.000,2.000,2.000,2.000
1.000,37.360,2.000,1.000,1.000,1.000
1.000,40.176,1.000,2.000,1.000,2.000
1.000,32.712,2.000,1.000,1.000,1.000
1.000,30.892,2.000,2.000,1.000,2.000
1.000,34.038,2.000,2.000,1.000,2.000
1.000,38.331,3.000,2.000,2.000,1.000
1.000,48.146,3.000,2.000,2.000,2.000
1.000,44.442,2.000,2.000,2.000,2.000
1.000,38.795,2.000,1.000,2.000,1.000
1.000,38.605,2.000,2.000,1.000,2.000
1.000,34.177,2.000,1.000,1.000,1.000
1.000,35.897,2.000,1.000,2.000,1.000
1.000,32.467,2.000,1.000,1.000,1.000
1.000,29.451,2.000,2.000,2.000,2.000
1.000,38.443,2.000,1.000,2.000,1.000
1.000,33.565,3.000,2.000,1.000,2.000
1.000,27.268,2.000,2.000,1.000,2.000
1.000,22.054,3.000,1.000,1.000,1.000
1.000,43.092,2.000,1.000,2.000,1.000
1.000,39.998,1.000,2.000,2.000,2.000
1.000,21.308,2.000,2.000,2.000,1.000
1.000,37.815,2.000,2.000,2.000,2.000
1.000,43.157,3.000,1.000,2.000,1.000
1.000,35.616,2.000,2.000,1.000,2.000
1.000,39.856,3.000,2.000,1.000,2.000
1.000,38.359,2.000,2.000,1.000,2.000
1.000,30.254,3.000,1.000,2.000,2.000
1.000,34.278,2.000,1.000,2.000,1.000
1.000,32.111,2.000,1.000,2.000,1.000
1.000,47.191,2.000,1.000,1.000,1.000
1.000,36.082,3.000,1.000,1.000,1.000
1.000,26.828,3.000,1.000,1.000,1.000
1.000,29.619,3.000,2.000,1.000,2.000
1.000,28.057,3.000,1.000,2.000,2.000
1.000,29.155,3.000,2.000,1.000,2.000
1.000,42.210,2.000,1.000,1.000,1.000
1.000,51.956,2.000,1.000,2.000,2.000
1.000,34.403,2.000,1.000,1.000,1.000
1.000,43.413,3.000,1.000,2.000,1.000
1.000,30.435,2.000,1.000,2.000,1.000
1.000,37.861,2.000,2.000,1.000,2.000
1.000,27.771,2.000,1.000,1.000,1.000
1.000,47.181,2.000,1.000,1.000,1.000
1.000,40.298,3.000,2.000,2.000,2.000
1.000,58.415,2.000,2.000,1.000,1.000
1.000,24.820,3.000,2.000,2.000,2.000
1.000,37.302,2.000,2.000,1.000,2.000
1.000,39.680,3.000,2.000,1.000,1.000
1.000,40.074,2.000,1.000,2.000,1.000
1.000,43.003,3.000,1.000,2.000,1.000
1.000,44.747,2.000,1.000,2.000,1.000
1.000,21.395,3.000,2.000,1.000,2.000
1.000,41.434,3.000,1.000,2.000,1.000
1.000,48.188,1.000,2.000,1.000,1.000
1.000,46.519,2.000,2.000,1.000,2.000
1.000,33.296,2.000,2.000,1.000,2.000
1.000,27.873,2.000,1.000,2.000,1.000
1.000,49.515,2.000,2.000,2.000,2.000
1.000,35.868,3.000,1.000,2.000,1.000
1.000,41.961,3.000,2.000,2.000,2.000
1.000,34.748,2.000,1.000,2.000,1.000
1.000,33.725,3.000,1.000,2.000,1.000
1.000,39.692,3.000,1.000,1.000,1.000
1.000,42.346,3.000,2.000,2.000,2.000
1.000,32.700,3.000,2.000,1.000,2.000
1.000,26.273,3.000,2.000,1.000,1.000
1.000,25.135,3.000,2.000,1.000,2.000
1.000,29.538,2.000,2.000,1.000,2.000
1.000,27.923,3.000,1.000,1.000,1.000
1.000,36.293,3.000,2.000,2.000,2.000
1.000,44.198,2.000,1.000,2.000,1.000
1.000,34.529,3.000,2.000,2.000,2.000
1.000,41.151,3.000,2.000,1.000,2.000
1.000,36.748,2.000,2.000,1.000,2.000
1.000,37.525,3.000,1.000,1.000,1.000
1.000,46.603,2.000,1.000,1.000,1.000
1.000,31.457,1.000,2.000,1.000,2.000
1.000,36.147,1.000,1.000,2.000,2.000
1.000,55.333,2.000,1.000,1.000,1.000
1.000,27.117,2.000,1.000,1.000,1.000
1.000,37.360,3.000,1.000,1.000,1.000
1.000,27.994,3.000,2.000,2.000,2.000
1.000,42.184,3.000,2.000,2.000,2.000
1.000,39.575,3.000,1.000,1.000,1.000
1.000,39.848,3.000,2.000,2.000,2.000
1.000,40.670,3.000,2.000,2.000,2.000
1.000,35.226,3.000,2.000,2.000,2.000
1.000,37.552,2.000,1.000,2.000,1.000
1.000,27.583,1.000,2.000,1.000,2.000
1.000,48.431,2.000,1.000,2.000,2.000
1.000,44.293,1.000,1.000,2.000,1.000
1.000,27.851,2.000,2.000,2.000,2.000
1.000,22.916,2.000,2.000,1.000,2.000
1.000,27.671,2.000,1.000,2.000,1.000
1.000,32.298,2.000,2.000,2.000,2.000
1.000,32.887,2.000,2.000,2.000,2.000
1.000,21.615,3.000,1.000,2.000,1.000
1.000,33.734,3.000,1.000,1.000,1.000
1.000,35.743,3.000,1.000,2.000,1.000
1.000,35.636,2.000,1.000,2.000,2.000
1.000,28.249,3.000,1.000,2.000,1.000
1.000,43.124,2.000,2.000,2.000,2.000
1.000,47.277,3.000,1.000,1.000,1.000
1.000,35.930,3.000,1.000,2.000,1.000
1.000,31.490,2.000,2.000,2.000,1.000
1.000,47.713,3.000,2.000,1.000,2.000
1.000,59.462,3.000,2.000,2.000,2.000
1.000,32.351,1.000,1.000,1.000,1.000
1.000,48.361,3.000,2.000,2.000,1.000
1.000,45.913,2.000,1.000,2.000,1.000
1.000,40.730,2.000,2.000,1.000,2.000
1.000,35.894,2.000,2.000,1.000,2.000
1.000,34.322,2.000,1.000,1.000,2.000
1.000,33.665,2.000,1.000,2.000,1.000
1.000,49.266,3.000,2.000,2.000,2.000
1.000,37.694,3.000,1.000,2.000,1.000
1.000,34.765,2.000,2.000,2.000,2.000
1.000,45.792,2.000,1.000,1.000,1.000
1.000,21.088,3.000,1.000,2.000,1.000
1.000,30.619,3.000,2.000,1.000,2.000
1.000,41.917,3.000,2.000,1.000,2.000
1.000,39.518,2.000,1.000,1.000,1.000
1.000,31.482,3.000,1.000,1.000,1.000
1.000,41.487,3.000,1.000,2.000,1.000
1.000,34.759,3.000,2.000,1.000,2.000
1.000,42.958,3.000,2.000,1.000,2.000
1.000,31.631,2.000,1.000,1.000,1.000
1.000,39.021,2.000,1.000,1.000,1.000
1.000,51.110,2.000,1.000,1.000,1.000
1.000,35.591,2.000,1.000,1.000,1.000
1.000,41.782,3.000,1.000,2.000,1.000
1.000,20.896,2.000,1.000,2.000,1.000
1.000,31.923,2.000,1.000,1.000,1.000
1.000,45.062,3.000,2.000,2.000,2.000
1.000,40.548,2.000,1.000,2.000,1.000
1.000,57.057,2.000,1.000,1.000,1.000
1.000,48.832,2.000,1.000,1.000,1.000
1.000,37.766,3.000,2.000,2.000,2.000
1.000,42.226,3.000,2.000,2.000,2.000
1.000,48.766,3.000,2.000,2.000,2.000
1.000,40.114,3.000,1.000,2.000,1.000
1.000,33.348,3.000,1.000,2.000,1.000
1.000,23.157,2.000,2.000,1.000,2.000
1.000,39.390,3.000,2.000,2.000,2.000
1.000,33.756,2.000,1.000,2.000,1.000
1.000,36.682,2.000,1.000,2.000,1.000
1.000,28.297,3.000,1.000,2.000,1.000
1.000,29.074,3.000,2.000,2.000,2.000
1.000,47.164,3.000,1.000,2.000,1.000
1.000,27.170,1.000,1.000,1.000,1.000
1.000,29.066,2.000,2.000,2.000,1.000
1.000,49.706,3.000,2.000,1.000,2.000
1.000,40.498,3.000,2.000,2.000,2.000
1.000,32.845,2.000,1.000,2.000,2.000
1.000,37.083,2.000,1.000,1.000,1.000
1.000,31.669,3.000,1.000,1.000,1.000
1.000,37.920,3.000,2.000,2.000,2.000
1.000,39.540,2.000,1.000,2.000,1.000
1.000,40.535,2.000,2.000,2.000,2.000
1.000,26.485,3.000,1.000,1.000,2.000
1.000,36.301,2.000,2.000,2.000,2.000
1.000,40.665,3.000,1.000,2.000,1.000
1.000,50.918,3.000,2.000,2.000,2.000
1.000,27.274,2.000,1.000,2.000,1.000
1.000,30.206,1.000,1.000,2.000,1.000
1.000,41.417,2.000,1.000,1.000,1.000
1.000,24.700,2.000,1.000,1.000,1.000
1.000,40.439,1.000,2.000,1.000,2.000
1.000,32.567,2.000,2.000,1.000,2.000
1.000,20.550,2.000,1.000,1.000,1.000
1.000,28.792,3.000,2.000,2.000,2.000
1.000,35.980,3.000,1.000,2.000,1.000
1.000,27.971,3.000,1.000,1.000,1.000
1.000,28.130,3.000,2.000,2.000,2.000
1.000,37.339,3.000,2.000,2.000,2.000
1.000,34.820,3.000,2.000,1.000,2.000
1.000,42.866,2.000,2.000,1.000,2.000
1.000,38.356,2.000,2.000,2.000,2.000
1.000,41.744,3.000,1.000,2.000,1.000
1.000,28.098,2.000,1.000,2.000,1.000
1.000,36.231,3.000,2.000,2.000,2.000
1.000,33.240,3.000,2.000,1.000,1.000
1.000,33.443,2.000,2.000,1.000,2.000
1.000,27.787,3.000,1.000,2.000,1.000
1.000,27.902,2.000,2.000,2.000,2.000
1.000,38.413,2.000,1.000,1.000,1.000
1.000,31.145,3.000,2.000,1.000,2.000
1.000,53.144,3.000,2.000,2.000,2.000
1.000,33.939,3.000,1.000,2.000,1.000
1.000,44.775,2.000,1.000,2.000,1.000
1.000,29.922,3.000,2.000,1.000,1.000
1.000,20.615,3.000,2.000,2.000,2.000
1.000,29.298,3.000,1.000,1.000,1.000
1.000,39.482,3.000,1.000,2.000,1.000
1.000,39.068,2.000,1.000,1.000,1.000
1.000,48.651,3.000,1.000,2.000,1.000
1.000,41.639,2.000,1.000,1.000,1.000
1.000,31.960,2.000,1.000,2.000,1.000
1.000,42.348,3.000,1.000,2.000,1.000
1.000,47.833,3.000,1.000,1.000,1.000
1.000,34.167,3.000,2.000,1.000,2.000
1.000,42.342,2.000,1.000,2.000,1.000
1.000,26.372,3.000,1.000,1.000,1.000
1.000,30.958,3.000,1.000,1.000,1.000
1.000,33.522,3.000,2.000,1.000,2.000
1.000,28.277,3.000,1.000,1.000,1.000
1.000,35.760,2.000,1.000,2.000,1.000
1.000,52.591,3.000,2.000,1.000,1.000
1.000,43.015,2.000,1.000,2.000,1.000
1.000,38.584,3.000,2.000,1.000,2.000
1.000,29.342,2.000,1.000,2.000,1.000
1.000,46.653,3.000,1.000,1.000,1.000
1.000,31.588,1.000,2.000,1.000,1.000
1.000,26.145,1.000,1.000,2.000,1.000
1.000,46.213,3.000,2.000,1.000,2.000
1.000,40.593,2.000,2.000,2.000,2.000
1.000,45.875,3.000,2.000,2.000,2.000
1.000,26.200,3.000,2.000,1.000,2.000
1.000,57.429,3.000,2.000,1.000,2.000
1.000,52.361,2.000,1.000,2.000,1.000
1.000,43.447,1.000,2.000,2.000,2.000
1.000,46.334,3.000,1.000,2.000,1.000
1.000,22.920,3.000,1.000,1.000,1.000
1.000,24.476,3.000,1.000,2.000,1.000
1.000,24.795,3.000,1.000,1.000,1.000
1.000,35.133,2.000,1.000,1.000,1.000
1.000,40.717,1.000,2.000,2.000,2.000
1.000,44.196,3.000,1.000,1.000,1.000
1.000,41.178,2.000,2.000,1.000,2.000
1.000,34.123,3.000,1.000,1.000,2.000
1.000,44.768,1.000,1.000,1.000,1.000
1.000,35.846,3.000,2.000,1.000,2.000
1.000,20.134,2.000,1.000,2.000,1.000
1.000,42.744,3.000,2.000,1.000,2.000
1.000,29.785,2.000,2.000,2.000,2.000
1.000,21.292,1.000,1.000,2.000,1.000
1.000,47.054,2.000,1.000,1.000,1.000
1.000,27.928,2.000,1.000,2.000,2.000
1.000,46.188,1.000,1.000,1.000,1.000
1.000,43.035,3.000,1.000,2.000,1.000
1.000,33.449,2.000,2.000,1.000,2.000
1.000,24.845,3.000,1.000,1.000,1.000
1.000,32.658,3.000,2.000,1.000,2.000
1.000,34.912,2.000,1.000,1.000,2.000
1.000,51.048,3.000,2.000,1.000,2.000
1.000,35.258,3.000,2.000,2.000,2.000
1.000,24.241,2.000,1.000,1.000,2.000
1.000,47.080,3.000,2.000,2.000,2.000
1.000,29.090,3.000,2.000,1.000,2.000
1.000,39.385,3.000,2.000,1.000,2.000
1.000,37.410,3.000,2.000,1.000,1.000
1.000,25.705,2.000,1.000,1.000,1.000
1.000,39.008,1.000,1.000,1.000,1.000
1.000,39.978,3.000,2.000,1.000,2.000
1.000,33.112,2.000,1.000,1.000,2.000
1.000,43.864,3.000,1.000,2.000,1.000
1.000,46.286,2.000,2.000,1.000,1.000
1.000,47.282,3.000,2.000,2.000,2.000
1.000,48.295,3.000,2.000,1.000,2.000
1.000,31.939,2.000,1.000,2.000,2.000
1.000,31.921,3.000,1.000,2.000,2.000
1.000,39.355,3.000,2.000,2.000,2.000
1.000,44.488,3.000,1.000,1.000,1.000
1.000,29.877,2.000,1.000,2.000,1.000
1.000,34.820,2.000,1.000,1.000,1.000
1.000,33.844,3.000,2.000,1.000,2.000
1.000,40.835,2.000,1.000,2.000,1.000
1.000,36.812,3.000,2.000,1.000,2.000
1.000,33.712,2.000,2.000,2.000,1.000
1.000,28.722,2.000,1.000,2.000,2.000
1.000,44.650,3.000,2.000,2.000,2.000
1.000,26.772,3.000,2.000,1.000,2.000
1.000,49.214,3.000,2.000,2.000,2.000
1.000,32.591,2.000,1.000,2.000,2.000
1.000,32.835,3.000,1.000,1.000,1.000
1.000,24.132,2.000,2.000,1.000,2.000
1.000,39.412,3.000,2.000,1.000,2.000
1.000,49.068,3.000,2.000,2.000,2.000
1.000,44.882,2.000,2.000,2.000,2.000
1.000,44.877,2.000,1.000,2.000,1.000
1.000,49.352,2.000,2.000,1.000,2.000
1.000,31.158,2.000,1.000,2.000,1.000
1.000,30.687,2.000,2.000,1.000,1.000
1.000,45.522,3.000,2.000,1.000,2.000
1.000,42.087,1.000,1.000,1.000,1.000
1.000,30.465,3.000,2.000,2.000,2.000
1.000,40.276,2.000,2.000,2.000,2.000
1.000,27.880,2.000,1.000,1.000,1.000
1.000,48.688,3.000,2.000,1.000,2.000
1.000,36.111,3.000,2.000,1.000,1.000
1.000,40.963,2.000,1.000,2.000,1.000
1.000,36.023,2.000,2.000,2.000,2.000
1.000,47.792,3.000,1.000,2.000,1.000
1.000,48.777,2.000,2.000,2.000,2.000
1.000,47.776,2.000,2.000,2.000,2.000
1.000,47.275,2.000,1.000,2.000,1.000
1.000,40.784,3.000,2.000,1.000,1.000
1.000,48.632,3.000,2.000,2.000,2.000
1.000,23.901,2.000,2.000,1.000,2.000
1.000,30.908,3.000,1.000,2.000,1.000
1.000,40.660,3.000,1.000,2.000,1.000
1.000,44.899,2.000,2.000,1.000,2.000
1.000,45.024,2.000,1.000,1.000,2.000
1.000,35.998,2.000,2.000,2.000,2.000
1.000,29.907,1.000,1.000,2.000,1.000
1.000,47.763,3.000,2.000,1.000,2.000
1.000,28.190,3.000,1.000,1.000,1.000
1.000,34.376,2.000,2.000,1.000,2.000
1.000,38.245,3.000,2.000,1.000,1.000
1.000,35.782,2.000,1.000,2.000,1.000
1.000,30.882,2.000,2.000,1.000,2.000
1.000,43.920,3.000,2.000,1.000,2.000
1.000,26.699,2.000,1.000,2.000,1.000
1.000,38.904,2.000,2.000,2.000,2.000
1.000,38.679,3.000,1.000,2.000,2.000
1.000,50.713,2.000,2.000,1.000,2.000
1.000,38.730,3.000,1.000,2.000,1.000
1.000,44.249,2.000,1.000,2.000,1.000
1.000,22.456,3.000,1.000,2.000,1.000
1.000,31.019,3.000,2.000,1.000,1.000
1.000,31.988,3.000,2.000,1.000,2.000
1.000,28.924,3.000,2.000,2.000,2.000
1.000,22.487,1.000,1.000,2.000,1.000
1.000,24.764,2.000,1.000,2.000,1.000
1.000,50.416,2.000,1.000,1.000,1.000
1.000,35.912,2.000,2.000,2.000,2.000
1.000,49.915,2.000,1.000,1.000,1.000
1.000,44.994,3.000,2.000,2.000,2.000
1.000,27.466,3.000,2.000,2.000,2.000
1.000,28.088,3.000,1.000,2.000,1.000
1.000,24.963,3.000,2.000,2.000,2.000
1.000,48.490,3.000,2.000,1.000,2.000
1.000,43.225,3.000,2.000,2.000,2.000
1.000,38.814,2.000,1.000,2.000,1.000
1.000,35.932,3.000,2.000,1.000,2.000
1.000,40.808,3.000,2.000,1.000,2.000
1.000,37.018,3.000,1.000,1.000,1.000
1.000,41.497,3.000,1.000,2.000,1.000
1.000,35.465,2.000,2.000,2.000,1.000
1.000,34.823,2.000,1.000,2.000,1.000
1.000,25.101,2.000,2.000,1.000,2.000
1.000,44.843,3.000,2.000,1.000,2.000
1.000,24.725,3.000,2.000,1.000,2.000
1.000,45.413,3.000,1.000,2.000,1.000
1.000,38.740,3.000,2.000,1.000,2.000
1.000,25.208,2.000,1.000,1.000,1.000
1.000,33.580,3.000,1.000,2.000,2.000
1.000,43.264,2.000,2.000,2.000,2.000
1.000,27.311,3.000,2.000,1.000,2.000
1.000,47.965,2.000,2.000,1.000,2.000
1.000,38.415,3.000,2.000,1.000,2.000
1.000,30.605,3.000,1.000,1.000,1.000
1.000,43.922,2.000,2.000,2.000,2.000
1.000,44.442,2.000,2.000,2.000,2.000
1.000,38.375,2.000,1.000,2.000,1.000
1.000,46.481,1.000,1.000,2.000,1.000
1.000,38.426,3.000,1.000,2.000,1.000
1.000,35.888,2.000,2.000,2.000,2.000
1.000,28.175,2.000,1.000,1.000,1.000
1.000,20.851,2.000,2.000,2.000,2.000
1.000,34.563,3.000,2.000,1.000,2.000
1.000,41.701,1.000,2.000,2.000,1.000
1.000,41.264,2.000,2.000,2.000,2.000
1.000,47.731,2.000,2.000,2.000,1.000
1.000,38.311,2.000,2.000,2.000,2.000
1.000,39.649,3.000,2.000,1.000,2.000
1.000,39.858,2.000,2.000,1.000,1.000
1.000,50.043,2.000,1.000,2.000,1.000
1.000,32.098,2.000,2.000,2.000,1.000
1.000,22.802,2.000,1.000,2.000,2.000
1.000,42.002,3.000,2.000,2.000,2.000
1.000,26.342,2.000,2.000,1.000,2.000
1.000,47.546,3.000,2.000,2.000,1.000
1.000,40.814,2.000,2.000,1.000,2.000
1.000,34.647,2.000,2.000,2.000,2.000
1.000,43.260,2.000,1.000,2.000,1.000
1.000,29.700,2.000,1.000,2.000,1.000
1.000,22.316,3.000,2.000,1.000,2.000
1.000,29.773,3.000,2.000,1.000,2.000
1.000,43.865,1.000,2.000,2.000,2.000
1.000,39.239,2.000,1.000,2.000,1.000
1.000,28.651,2.000,2.000,1.000,2.000
1.000,50.670,2.000,2.000,1.000,2.000
1.000,37.672,3.000,1.000,2.000,1.000
1.000,42.426,3.000,1.000,2.000,1.000
1.000,32.791,3.000,1.000,2.000,1.000
1.000,35.447,3.000,1.000,1.000,1.000
1.000,26.998,1.000,1.000,1.000,1.000
1.000,32.972,2.000,1.000,2.000,1.000
1.000,31.902,3.000,1.000,2.000,1.000
1.000,45.842,3.000,2.000,2.000,2.000
1.000,34.514,2.000,2.000,1.000,1.000
1.000,47.585,3.000,1.000,1.000,1.000
1.000,45.269,2.000,2.000,2.000,2.000
1.000,26.155,2.000,1.000,2.000,1.000
1.000,27.465,3.000,1.000,2.000,1.000
1.000,28.403,3.000,2.000,1.000,2.000
1.000,38.660,2.000,2.000,2.000,2.000
1.000,30.243,3.000,2.000,1.000,2.000
1.000,35.861,3.000,2.000,2.000,2.000
1.000,49.790,3.000,2.000,1.000,2.000
1.000,38.382,2.000,1.000,1.000,1.000
1.000,33.320,3.000,2.000,2.000,2.000
1.000,46.624,3.000,2.000,2.000,2.000
1.000,32.875,3.000,1.000,2.000,1.000
1.000,47.394,3.000,2.000,2.000,2.000
1.000,22.775,1.000,2.000,2.000,2.000
1.000,32.143,1.000,1.000,2.000,1.000
1.000,35.006,2.000,2.000,1.000,2.000
1.000,46.667,1.000,1.000,1.000,1.000
1.000,25.613,3.000,2.000,2.000,2.000
1.000,31.174,2.000,2.000,2.000,2.000
1.000,28.498,2.000,2.000,1.000,1.000
1.000,34.304,2.000,1.000,2.000,1.000
1.000,48.046,2.000,2.000,2.000,2.000
1.000,33.331,3.000,2.000,2.000,2.000
1.000,27.923,2.000,2.000,1.000,2.000
1.000,33.204,2.000,2.000,2.000,2.000
1.000,40.409,2.000,1.000,2.000,1.000
1.000,27.782,3.000,1.000,1.000,1.000
1.000,33.108,2.000,1.000,1.000,2.000
1.000,55.934,3.000,1.000,1.000,2.000
1.000,27.923,2.000,2.000,1.000,2.000
1.000,49.677,2.000,2.000,2.000,2.000
1.000,27.955,2.000,2.000,1.000,2.000
1.000,21.752,3.000,2.000,1.000,2.000
1.000,21.978,3.000,2.000,2.000,2.000
1.000,26.829,3.000,1.000,1.000,1.000
1.000,34.751,2.000,1.000,1.000,1.000
1.000,33.132,2.000,2.000,1.000,2.000
1.000,30.903,3.000,2.000,2.000,2.000
1.000,46.135,3.000,1.000,1.000,1.000
1.000,31.282,2.000,2.000,2.000,2.000
1.000,42.987,3.000,2.000,2.000,2.000
1.000,37.025,3.000,1.000,2.000,1.000
1.000,27.267,2.000,2.000,2.000,1.000
1.000,22.423,1.000,1.000,1.000,1.000
1.000,50.379,3.000,2.000,1.000,2.000
1.000,28.691,2.000,2.000,1.000,2.000
1.000,21.787,3.000,1.000,1.000,1.000
1.000,39.002,2.000,2.000,2.000,2.000
1.000,21.191,2.000,2.000,2.000,2.000
1.000,25.534,3.000,2.000,1.000,1.000
1.000,33.179,3.000,2.000,2.000,2.000
1.000,46.358,2.000,1.000,2.000,1.000
1.000,53.703,2.000,2.000,2.000,2.000
1.000,29.616,2.000,2.000,1.000,2.000
1.000,41.651,3.000,2.000,1.000,2.000
1.000,30.886,2.000,1.000,1.000,1.000
1.000,39.273,2.000,2.000,1.000,2.000
1.000,20.327,3.000,2.000,2.000,2.000
1.000,59.777,3.000,2.000,2.000,2.000
1.000,28.999,3.000,1.000,1.000,1.000
1.000,33.696,3.000,2.000,1.000,2.000
1.000,21.902,2.000,2.000,2.000,2.000
1.000,53.367,3.000,1.000,1.000,1.000
1.000,49.468,3.000,1.000,2.000,1.000
1.000,41.866,2.000,1.000,2.000,1.000
1.000,35.860,2.000,1.000,2.000,1.000
1.000,33.275,2.000,1.000,2.000,1.000
1.000,26.123,2.000,2.000,1.000,2.000
1.000,20.721,2.000,2.000,1.000,2.000
1.000,45.772,2.000,2.000,1.000,2.000
1.000,53.755,3.000,2.000,1.000,2.000
1.000,43.555,2.000,2.000,2.000,1.000
1.000,32.073,3.000,1.000,2.000,2.000
1.000,33.759,2.000,1.000,1.000,2.000
1.000,26.893,2.000,1.000,1.000,1.000
1.000,39.259,2.000,1.000,2.000,1.000
1.000,57.394,3.000,2.000,2.000,2.000
1.000,29.026,2.000,2.000,2.000,2.000
1.000,50.241,2.000,1.000,2.000,1.000
1.000,57.096,3.000,2.000,1.000,1.000
1.000,47.297,1.000,2.000,1.000,2.000
1.000,62.451,2.000,2.000,1.000,1.000
1.000,39.692,2.000,2.000,2.000,2.000
1.000,42.837,3.000,2.000,2.000,2.000
1.000,35.699,2.000,2.000,2.000,1.000
1.000,25.097,3.000,1.000,1.000,1.000
1.000,39.612,2.000,2.000,2.000,2.000
1.000,39.304,3.000,1.000,2.000,1.000
1.000,46.992,3.000,1.000,1.000,1.000
1.000,25.840,2.000,2.000,2.000,2.000
1.000,40.255,2.000,2.000,1.000,2.000
1.000,37.699,2.000,2.000,1.000,2.000
1.000,38.255,2.000,1.000,1.000,1.000
1.000,36.308,2.000,2.000,2.000,2.000
1.000,44.537,3.000,2.000,2.000,2.000
1.000,47.471,3.000,2.000,1.000,2.000
1.000,28.444,3.000,1.000,2.000,1.000
1.000,42.872,3.000,1.000,2.000,1.000
1.000,43.603,2.000,2.000,1.000,2.000
1.000,37.521,3.000,2.000,2.000,2.000
1.000,38.260,3.000,1.000,1.000,1.000
1.000,27.435,3.000,2.000,1.000,2.000
1.000,25.574,3.000,2.000,2.000,2.000
1.000,38.603,3.000,1.000,2.000,1.000
1.000,31.911,3.000,2.000,2.000,2.000
1.000,33.547,3.000,1.000,2.000,1.000
1.000,33.503,3.000,1.000,2.000,1.000
1.000,31.500,3.000,1.000,2.000,1.000
1.000,30.396,3.000,2.000,2.000,2.000
1.000,23.908,3.000,2.000,1.000,2.000
1.000,24.950,2.000,1.000,1.000,2.000
1.000,38.322,3.000,2.000,2.000,2.000
1.000,41.059,3.000,2.000,1.000,2.000
1.000,37.971,2.000,1.000,2.000,1.000
1.000,41.885,2.000,1.000,1.000,1.000
1.000,28.081,2.000,1.000,1.000,1.000
1.000,33.037,3.000,1.000,2.000,2.000
1.000,41.313,3.000,1.000,2.000,1.000
1.000,38.874,3.000,2.000,1.000,2.000
1.000,41.694,3.000,2.000,2.000,1.000
1.000,46.112,3.000,2.000,2.000,2.000
1.000,31.413,3.000,1.000,1.000,1.000
1.000,40.612,3.000,2.000,1.000,2.000
1.000,23.901,2.000,1.000,1.000,1.000
1.000,30.108,2.000,2.000,2.000,2.000
1.000,27.419,2.000,1.000,1.000,2.000
1.000,20.883,2.000,2.000,2.000,2.000
1.000,34.055,2.000,1.000,1.000,1.000
1.000,39.410,3.000,1.000,1.000,1.000
1.000,29.420,3.000,1.000,1.000,1.000
1.000,28.831,3.000,1.000,2.000,1.000
1.000,39.821,2.000,2.000,1.000,2.000
1.000,35.392,2.000,1.000,2.000,1.000
1.000,30.865,2.000,2.000,1.000,2.000
1.000,39.989,2.000,1.000,2.000,2.000
1.000,27.972,3.000,1.000,2.000,1.000
1.000,47.973,2.000,2.000,2.000,2.000
1.000,38.079,3.000,1.000,2.000,2.000
1.000,31.200,2.000,1.000,2.000,1.000
1.000,25.271,3.000,1.000,1.000,1.000
1.000,27.763,2.000,1.000,1.000,1.000
1.000,35.377,2.000,2.000,2.000,2.000
1.000,34.655,3.000,1.000,1.000,1.000
1.000,40.069,2.000,1.000,2.000,1.000
1.000,31.829,3.000,2.000,1.000,2.000
1.000,36.289,2.000,1.000,1.000,1.000
1.000,37.735,3.000,1.000,1.000,1.000
1.000,46.415,2.000,1.000,2.000,1.000
1.000,42.081,2.000,1.000,1.000,1.000
1.000,37.226,2.000,2.000,2.000,2.000
1.000,36.619,2.000,2.000,1.000,1.000
1.000,49.581,2.000,1.000,1.000,1.000
1.000,32.568,2.000,2.000,2.000,2.000
1.000,25.894,2.000,2.000,1.000,2.000
1.000,30.415,1.000,2.000,2.000,1.000
1.000,32.307,3.000,1.000,2.000,1.000
1.000,33.212,2.000,1.000,1.000,1.000
1.000,42.093,2.000,1.000,2.000,1.000
1.000,33.458,2.000,2.000,2.000,2.000
1.000,25.189,3.000,2.000,1.000,2.000
1.000,35.962,2.000,2.000,2.000,2.000
1.000,23.659,2.000,2.000,1.000,2.000
1.000,34.350,2.000,2.000,2.000,2.000
1.000,45.272,2.000,2.000,1.000,1.000
1.000,33.306,3.000,1.000,2.000,1.000
1.000,31.286,3.000,2.000,1.000,2.000
1.000,33.343,2.000,2.000,1.000,2.000
1.000,42.181,3.000,2.000,1.000,1.000
1.000,47.189,3.000,1.000,2.000,1.000
1.000,39.929,3.000,2.000,2.000,2.000
1.000,39.482,2.000,1.000,1.000,1.000
1.000,41.596,2.000,2.000,2.000,2.000
1.000,32.167,3.000,1.000,1.000,1.000
1.000,34.093,2.000,2.000,2.000,2.000
1.000,38.740,3.000,2.000,2.000,2.000
1.000,36.035,2.000,1.000,2.000,1.000
1.000,45.832,3.000,2.000,2.000,2.000
1.000,28.568,3.000,1.000,2.000,1.000
1.000,40.451,3.000,2.000,1.000,2.000
1.000,32.230,3.000,2.000,1.000,2.000
1.000,25.771,2.000,1.000,1.000,1.000
1.000,20.653,3.000,1.000,1.000,1.000
1.000,43.743,3.000,1.000,1.000,1.000
1.000,30.891,2.000,1.000,2.000,1.000
1.000,26.771,3.000,2.000,2.000,2.000
1.000,45.170,2.000,1.000,1.000,1.000
1.000,38.384,3.000,1.000,1.000,1.000
1.000,48.198,2.000,2.000,1.000,2.000
1.000,29.713,3.000,2.000,1.000,2.000
1.000,41.664,2.000,1.000,1.000,1.000
1.000,29.806,3.000,1.000,1.000,1.000
1.000,45.570,2.000,2.000,2.000,2.000
1.000,37.135,3.000,2.000,2.000,2.000
1.000,32.502,3.000,1.000,2.000,2.000
1.000,30.347,3.000,2.000,2.000,2.000
1.000,41.910,2.000,2.000,1.000,1.000
1.000,37.065,2.000,1.000,1.000,1.000
1.000,28.409,2.000,2.000,1.000,1.000
1.000,24.166,2.000,2.000,1.000,2.000
1.000,32.302,3.000,1.000,1.000,1.000
1.000,35.861,2.000,2.000,2.000,2.000
1.000,24.201,2.000,1.000,1.000,2.000
1.000,39.316,3.000,2.000,1.000,2.000
1.000,37.188,2.000,1.000,1.000,1.000
1.000,46.516,2.000,1.000,2.000,2.000
1.000,34.291,3.000,1.000,2.000,1.000
1.000,27.210,2.000,2.000,2.000,2.000
1.000,39.223,1.000,1.000,2.000,1.000
1.000,32.825,2.000,1.000,2.000,1.000
1.000,22.771,3.000,2.000,2.000,1.000
1.000,42.346,2.000,2.000,1.000,2.000
1.000,53.417,3.000,2.000,1.000,2.000
1.000,46.018,1.000,1.000,2.000,1.000
1.000,23.050,3.000,1.000,1.000,1.000
1.000,44.463,2.000,1.000,1.000,1.000
1.000,24.312,3.000,2.000,2.000,1.000
1.000,42.799,3.000,2.000,1.000,2.000
1.000,53.666,1.000,1.000,2.000,1.000
1.000,43.128,3.000,1.000,1.000,1.000
1.000,34.894,1.000,1.000,2.000,1.000
1.000,42.385,1.000,2.000,2.000,2.000
1.000,41.511,3.000,2.000,2.000,2.000
1.000,34.813,2.000,2.000,1.000,2.000
1.000,25.712,3.000,2.000,2.000,1.000
1.000,33.687,2.000,1.000,1.000,1.000
1.000,32.192,3.000,1.000,1.000,1.000
1.000,51.656,2.000,2.000,2.000,2.000
1.000,37.891,2.000,1.000,1.000,1.000
1.000,34.213,3.000,2.000,1.000,2.000
1.000,47.752,3.000,2.000,2.000,1.000
1.000,27.725,1.000,2.000,2.000,2.000
1.000,28.011,3.000,2.000,2.000,2.000
1.000,25.933,2.000,1.000,1.000,1.000
1.000,44.343,3.000,1.000,1.000,1.000
1.000,29.217,2.000,2.000,1.000,2.000
1.000,31.802,3.000,1.000,1.000,1.000
1.000,23.809,2.000,2.000,1.000,2.000
1.000,29.081,3.000,1.000,2.000,1.000
1.000,37.980,3.000,1.000,1.000,1.000
1.000,30.990,3.000,1.000,2.000,1.000
1.000,52.691,2.000,2.000,1.000,2.000
1.000,25.315,2.000,2.000,1.000,2.000
1.000,26.031,3.000,2.000,1.000,1.000
1.000,23.695,3.000,2.000,2.000,2.000
1.000,25.830,3.000,2.000,1.000,2.000
1.000,23.621,2.000,1.000,2.000,1.000
1.000,31.816,2.000,1.000,2.000,1.000
1.000,40.444,3.000,2.000,2.000,2.000
1.000,23.120,3.000,1.000,2.000,1.000
1.000,26.893,3.000,1.000,1.000,1.000
1.000,38.729,3.000,1.000,1.000,1.000
1.000,32.337,2.000,2.000,2.000,2.000
1.000,42.191,2.000,1.000,1.000,1.000
1.000,41.943,2.000,1.000,1.000,1.000
1.000,31.335,2.000,2.000,1.000,2.000
1.000,36.421,3.000,1.000,1.000,1.000
1.000,43.004,3.000,2.000,2.000,1.000
1.000,53.212,3.000,1.000,1.000,1.000
1.000,48.834,2.000,2.000,2.000,2.000
1.000,33.185,2.000,2.000,1.000,2.000
1.000,27.120,2.000,1.000,2.000,1.000
1.000,36.554,3.000,2.000,1.000,2.000
1.000,28.778,2.000,1.000,1.000,1.000
1.000,60.796,3.000,1.000,1.000,1.000
1.000,44.502,2.000,2.000,2.000,2.000
1.000,40.978,3.000,1.000,2.000,1.000
1.000,31.083,2.000,1.000,2.000,1.000
1.000,43.070,2.000,2.000,1.000,2.000
1.000,41.303,3.000,1.000,1.000,1.000
1.000,38.470,3.000,2.000,1.000,2.000
1.000,28.573,1.000,2.000,2.000,2.000
1.000,34.679,2.000,1.000,2.000,1.000
1.000,29.583,2.000,1.000,1.000,1.000
1.000,35.523,2.000,2.000,2.000,2.000
1.000,43.517,2.000,2.000,1.000,2.000
1.000,31.279,3.000,1.000,2.000,1.000
1.000,27.881,2.000,2.000,1.000,2.000
1.000,22.732,3.000,1.000,1.000,1.000
1.000,42.504,2.000,2.000,1.000,1.000
1.000,34.862,2.000,2.000,1.000,2.000
1.000,49.700,3.000,1.000,1.000,1.000
1.000,41.434,2.000,1.000,1.000,1.000
1.000,43.517,2.000,2.000,1.000,2.000
1.000,40.119,3.000,2.000,1.000,2.000
1.000,29.597,2.000,2.000,1.000,1.000
1.000,43.041,3.000,1.000,2.000,1.000
1.000,39.146,2.000,2.000,1.000,2.000
1.000,37.492,1.000,2.000,2.000,2.000
1.000,40.973,3.000,2.000,1.000,2.000
1.000,34.315,2.000,1.000,2.000,1.000
1.000,42.707,3.000,2.000,2.000,2.000
1.000,40.130,3.000,2.000,2.000,2.000
1.000,49.722,2.000,2.000,2.000,2.000
1.000,40.930,2.000,1.000,2.000,1.000
1.000,45.484,3.000,1.000,1.000,1.000
1.000,21.682,3.000,1.000,1.000,1.000
1.000,38.420,3.000,1.000,2.000,1.000
1.000,41.695,2.000,2.000,1.000,2.000
1.000,37.386,1.000,2.000,1.000,2.000
1.000,50.511,3.000,2.000,1.000,2.000
1.000,35.766,3.000,2.000,1.000,2.000
1.000,43.530,2.000,1.000,1.000,1.000
1.000,27.762,2.000,2.000,2.000,2.000
1.000,34.198,3.000,1.000,1.000,1.000
1.000,59.227,3.000,2.000,1.000,2.000
1.000,32.791,2.000,1.000,2.000,1.000
1.000,36.996,2.000,1.000,2.000,1.000
1.000,36.788,3.000,2.000,1.000,2.000
1.000,34.176,3.000,2.000,1.000,2.000
1.000,47.338,1.000,2.000,1.000,2.000
1.000,32.824,1.000,2.000,1.000,2.000
1.000,32.604,2.000,1.000,1.000,2.000
1.000,28.079,3.000,2.000,2.000,2.000
1.000,27.478,3.000,2.000,1.000,2.000
1.000,34.242,3.000,1.000,1.000,1.000
1.000,50.174,1.000,1.000,1.000,1.000
1.000,26.589,1.000,2.000,2.000,2.000
1.000,29.608,3.000,2.000,2.000,2.000
1.000,26.733,2.000,2.000,1.000,2.000
1.000,44.958,2.000,1.000,2.000,2.000
1.000,36.228,1.000,2.000,2.000,2.000
1.000,27.773,2.000,1.000,2.000,1.000
1.000,23.307,2.000,1.000,1.000,1.000
1.000,44.861,3.000,2.000,2.000,1.000
1.000,33.306,2.000,2.000,2.000,2.000
1.000,29.778,3.000,1.000,2.000,1.000
1.000,33.529,3.000,2.000,2.000,2.000
1.000,41.394,3.000,1.000,1.000,2.000
1.000,22.843,3.000,2.000,2.000,2.000
1.000,24.131,2.000,1.000,2.000,1.000
1.000,25.046,3.000,2.000,2.000,2.000
1.000,20.218,1.000,1.000,1.000,1.000
1.000,45.027,3.000,2.000,2.000,1.000
1.000,28.606,3.000,2.000,2.000,2.000
1.000,28.233,2.000,2.000,2.000,2.000
1.000,33.803,3.000,2.000,2.000,2.000
1.000,41.253,3.000,2.000,1.000,2.000
1.000,43.444,2.000,2.000,2.000,2.000
1.000,26.903,2.000,1.000,2.000,1.000
1.000,45.432,3.000,1.000,2.000,1.000
1.000,47.797,1.000,1.000,1.000,1.000
1.000,42.852,2.000,1.000,1.000,1.000
1.000,35.758,2.000,1.000,2.000,1.000
1.000,29.170,3.000,2.000,1.000,2.000
1.000,24.107,3.000,1.000,1.000,1.000
1.000,39.113,2.000,2.000,1.000,2.000
1.000,48.909,3.000,1.000,2.000,1.000
1.000,47.860,2.000,2.000,2.000,2.000
1.000,42.041,2.000,1.000,1.000,1.000
1.000,41.993,3.000,2.000,2.000,2.000
1.000,28.640,3.000,2.000,2.000,2.000
1.000,28.557,3.000,2.000,2.000,2.000
1.000,45.555,2.000,1.000,1.000,1.000
1.000,30.785,3.000,2.000,2.000,2.000
1.000,28.194,3.000,2.000,2.000,2.000
1.000,32.831,3.000,2.000,2.000,2.000
1.000,40.623,3.000,2.000,2.000,2.000
1.000,25.009,2.000,1.000,2.000,1.000
1.000,34.972,3.000,1.000,1.000,1.000
1.000,30.865,2.000,2.000,2.000,2.000
1.000,43.086,3.000,1.000,2.000,1.000
1.000,38.976,2.000,1.000,2.000,1.000
1.000,21.924,3.000,1.000,1.000,1.000
1.000,29.281,2.000,2.000,2.000,2.000
1.000,44.113,3.000,1.000,1.000,2.000
1.000,26.074,3.000,2.000,1.000,2.000
1.000,39.696,2.000,1.000,1.000,1.000
1.000,30.628,3.000,2.000,1.000,2.000
1.000,42.730,2.000,1.000,2.000,1.000
1.000,35.723,2.000,2.000,2.000,2.000
1.000,30.482,2.000,2.000,2.000,1.000
1.000,22.519,3.000,2.000,1.000,2.000
1.000,36.504,2.000,2.000,2.000,2.000
1.000,34.429,2.000,1.000,1.000,1.000
1.000,45.296,2.000,1.000,1.000,1.000
1.000,39.906,2.000,2.000,1.000,2.000
1.000,35.142,2.000,1.000,1.000,1.000
1.000,42.968,3.000,1.000,1.000,1.000
1.000,58.361,2.000,2.000,2.000,2.000
1.000,35.177,2.000,2.000,1.000,2.000
1.000,31.645,2.000,2.000,2.000,2.000
1.000,36.902,3.000,2.000,2.000,2.000
1.000,42.828,3.000,2.000,1.000,2.000
1.000,39.838,3.000,1.000,1.000,1.000
1.000,26.275,3.000,1.000,1.000,1.000
1.000,34.111,2.000,1.000,1.000,1.000
1.000,49.114,2.000,2.000,2.000,2.000
1.000,50.144,3.000,2.000,2.000,1.000
1.000,27.699,3.000,2.000,1.000,1.000
1.000,46.029,2.000,2.000,1.000,2.000
1.000,34.952,3.000,2.000,2.000,2.000
1.000,33.171,3.000,1.000,2.000,1.000
1.000,32.530,2.000,1.000,1.000,1.000
1.000,23.601,2.000,1.000,2.000,2.000
1.000,33.497,3.000,2.000,2.000,2.000
1.000,37.829,2.000,2.000,2.000,2.000
1.000,37.543,3.000,1.000,2.000,1.000
1.000,21.611,3.000,2.000,2.000,2.000
1.000,28.298,3.000,1.000,2.000,1.000
1.000,50.406,2.000,1.000,1.000,1.000
1.000,22.686,3.000,1.000,1.000,1.000
1.000,43.303,3.000,1.000,2.000,2.000
1.000,42.543,3.000,1.000,2.000,1.000
1.000,32.689,3.000,1.000,2.000,1.000
1.000,54.582,3.000,1.000,1.000,1.000
1.000,21.276,2.000,1.000,1.000,1.000
1.000,31.951,3.000,1.000,2.000,1.000
1.000,23.818,3.000,2.000,1.000,2.000
1.000,28.975,1.000,1.000,2.000,1.000
1.000,21.832,3.000,1.000,1.000,1.000
1.000,26.757,2.000,1.000,1.000,1.000
1.000,39.178,3.000,2.000,2.000,2.000
1.000,27.990,3.000,2.000,1.000,2.000
1.000,33.134,2.000,1.000,2.000,2.000
1.000,48.503,3.000,2.000,2.000,2.000
1.000,41.983,3.000,2.000,1.000,2.000
1.000,35.139,3.000,1.000,1.000,1.000
1.000,45.156,3.000,2.000,2.000,2.000
1.000,32.005,2.000,1.000,1.000,1.000
1.000,41.591,3.000,2.000,1.000,2.000
1.000,32.796,3.000,1.000,1.000,1.000
1.000,46.936,1.000,2.000,2.000,2.000
1.000,34.471,2.000,2.000,2.000,2.000
1.000,26.520,2.000,1.000,2.000,1.000
1.000,38.497,3.000,1.000,1.000,1.000
1.000,28.674,2.000,1.000,1.000,1.000
1.000,49.789,2.000,1.000,2.000,1.000
1.000,45.487,2.000,1.000,1.000,1.000
1.000,37.577,3.000,1.000,2.000,2.000
1.000,52.446,2.000,1.000,1.000,1.000
1.000,30.691,2.000,2.000,1.000,2.000
1.000,31.921,3.000,2.000,2.000,2.000
1.000,23.680,3.000,1.000,2.000,1.000
1.000,28.683,2.000,1.000,2.000,1.000
1.000,46.946,3.000,2.000,2.000,2.000
1.000,52.773,2.000,1.000,1.000,1.000
1.000,35.284,2.000,1.000,1.000,1.000
1.000,38.585,3.000,1.000,2.000,1.000
1.000,21.540,3.000,1.000,1.000,1.000
1.000,28.159,2.000,2.000,2.000,2.000
1.000,55.825,2.000,1.000,1.000,1.000
1.000,39.524,3.000,1.000,1.000,2.000
1.000,26.334,3.000,1.000,2.000,1.000
1.000,41.332,3.000,2.000,2.000,2.000
1.000,28.657,3.000,1.000,1.000,1.000
1.000,38.787,3.000,2.000,1.000,2.000
1.000,30.437,3.000,1.000,2.000,1.000
1.000,39.204,3.000,2.000,1.000,2.000
1.000,30.155,2.000,1.000,1.000,1.000
1.000,53.623,2.000,2.000,2.000,2.000
1.000,45.957,2.000,1.000,1.000,1.000
1.000,40.888,2.000,2.000,1.000,2.000
1.000,45.173,3.000,2.000,1.000,2.000
1.000,50.878,3.000,2.000,2.000,2.000
1.000,39.963,2.000,1.000,1.000,1.000
1.000,32.751,2.000,2.000,2.000,2.000
1.000,22.760,3.000,1.000,1.000,1.000
1.000,24.438,2.000,2.000,1.000,2.000
1.000,33.454,2.000,1.000,2.000,1.000
1.000,32.171,2.000,2.000,1.000,2.000
1.000,39.195,3.000,1.000,1.000,1.000
1.000,33.894,3.000,1.000,2.000,1.000
1.000,28.330,3.000,1.000,2.000,1.000
1.000,36.539,2.000,1.000,1.000,1.000
1.000,35.348,3.000,2.000,2.000,2.000
1.000,51.842,2.000,1.000,1.000,1.000
1.000,24.863,3.000,1.000,2.000,1.000
1.000,27.546,2.000,1.000,2.000,1.000
1.000,35.563,3.000,2.000,2.000,1.000
1.000,40.211,3.000,2.000,2.000,2.000
1.000,47.222,3.000,2.000,2.000,2.000
1.000,51.072,2.000,2.000,1.000,2.000
1.000,36.094,3.000,1.000,1.000,1.000
1.000,31.933,2.000,2.000,1.000,2.000
1.000,35.575,2.000,1.000,2.000,1.000
1.000,39.094,2.000,1.000,1.000,1.000
1.000,28.486,3.000,2.000,2.000,2.000
1.000,41.062,3.000,1.000,1.000,1.000
1.000,39.987,3.000,1.000,1.000,1.000
1.000,41.492,2.000,2.000,1.000,2.000
1.000,35.568,2.000,1.000,2.000,1.000
1.000,20.425,1.000,1.000,2.000,1.000
1.000,28.549,2.000,1.000,1.000,1.000
1.000,25.811,2.000,1.000,1.000,1.000
1.000,24.172,2.000,1.000,1.000,1.000
1.000,36.170,3.000,1.000,1.000,1.000
1.000,27.391,3.000,1.000,2.000,1.000
1.000,50.457,2.000,2.000,2.000,2.000
1.000,47.558,3.000,2.000,1.000,1.000
1.000,20.468,2.000,1.000,2.000,2.000
1.000,37.857,1.000,2.000,2.000,2.000
1.000,31.187,3.000,1.000,1.000,1.000
1.000,34.632,1.000,2.000,1.000,2.000
1.000,53.066,3.000,2.000,1.000,2.000
1.000,34.178,2.000,2.000,2.000,2.000
1.000,39.780,3.000,2.000,2.000,1.000
1.000,36.669,3.000,1.000,2.000,1.000
1.000,31.175,2.000,1.000,2.000,2.000
1.000,33.488,2.000,1.000,1.000,1.000
1.000,30.871,3.000,2.000,2.000,1.000
1.000,26.718,3.000,2.000,2.000,1.000
1.000,40.447,2.000,1.000,2.000,2.000
1.000,26.104,1.000,2.000,2.000,2.000
1.000,36.804,2.000,1.000,2.000,1.000
1.000,40.897,2.000,2.000,2.000,1.000
1.000,34.767,1.000,1.000,1.000,1.000
1.000,20.969,3.000,2.000,2.000,2.000
1.000,35.230,3.000,1.000,2.000,1.000
1.000,29.920,1.000,2.000,2.000,2.000
1.000,40.907,3.000,2.000,2.000,2.000
1.000,28.019,3.000,2.000,2.000,2.000
1.000,38.884,3.000,1.000,1.000,1.000
1.000,28.670,3.000,2.000,1.000,2.000
1.000,36.097,3.000,2.000,2.000,2.000
1.000,38.010,3.000,2.000,1.000,2.000
1.000,27.704,3.000,1.000,1.000,1.000
1.000,34.319,2.000,1.000,1.000,1.000
1.000,32.931,3.000,1.000,1.000,1.000
1.000,28.577,2.000,2.000,1.000,2.000
1.000,20.977,2.000,1.000,2.000,1.000
1.000,32.352,2.000,1.000,1.000,1.000
1.000,51.335,3.000,1.000,2.000,1.000
1.000,49.923,3.000,2.000,1.000,2.000
1.000,45.968,3.000,1.000,2.000,1.000
1.000,44.467,2.000,1.000,2.000,1.000
1.000,41.362,2.000,2.000,2.000,1.000
1.000,38.583,3.000,2.000,1.000,2.000
1.000,32.292,2.000,2.000,1.000,1.000
1.000,28.060,3.000,1.000,1.000,1.000
1.000,46.176,2.000,2.000,1.000,2.000
1.000,39.721,3.000,1.000,1.000,1.000
1.000,22.814,2.000,2.000,2.000,2.000
1.000,44.850,2.000,2.000,1.000,2.000
1.000,46.985,3.000,2.000,1.000,2.000
1.000,25.158,3.000,1.000,2.000,1.000
1.000,52.566,2.000,1.000,2.000,1.000
1.000,32.686,3.000,1.000,1.000,1.000
1.000,41.187,1.000,1.000,2.000,1.000
1.000,47.685,1.000,2.000,1.000,2.000
1.000,20.698,3.000,1.000,2.000,1.000
1.000,33.298,3.000,1.000,2.000,1.000
1.000,44.953,2.000,2.000,1.000,2.000
1.000,42.233,2.000,1.000,2.000,1.000
1.000,30.048,3.000,2.000,1.000,2.000
1.000,30.759,2.000,2.000,2.000,2.000
1.000,35.574,3.000,2.000,1.000,2.000
1.000,33.763,2.000,1.000,1.000,1.000
1.000,24.218,3.000,2.000,1.000,2.000
1.000,24.163,1.000,1.000,2.000,1.000
1.000,43.972,2.000,2.000,2.000,2.000
1.000,35.774,3.000,2.000,2.000,2.000
1.000,38.430,2.000,1.000,1.000,1.000
1.000,46.881,1.000,2.000,1.000,1.000
1.000,34.383,2.000,1.000,1.000,1.000
1.000,33.186,1.000,1.000,1.000,1.000
1.000,43.822,2.000,1.000,2.000,1.000
1.000,34.100,3.000,1.000,1.000,1.000
1.000,36.424,1.000,2.000,1.000,2.000
1.000,30.288,3.000,1.000,2.000,1.000
1.000,25.604,1.000,2.000,1.000,2.000
1.000,30.776,1.000,1.000,2.000,1.000
1.000,54.124,2.000,1.000,2.000,1.000
1.000,43.740,2.000,1.000,1.000,1.000
1.000,47.647,3.000,2.000,1.000,2.000
1.000,27.761,1.000,2.000,2.000,2.000
1.000,35.783,2.000,2.000,2.000,2.000
1.000,32.516,3.000,1.000,2.000,1.000
1.000,42.495,2.000,2.000,1.000,2.000
1.000,49.481,2.000,2.000,2.000,2.000
1.000,28.273,1.000,1.000,2.000,1.000
1.000,34.697,3.000,2.000,2.000,2.000
1.000,36.746,2.000,1.000,1.000,1.000
1.000,27.017,3.000,2.000,1.000,2.000
1.000,37.910,2.000,2.000,1.000,1.000
1.000,22.878,2.000,2.000,2.000,2.000
1.000,38.993,2.000,1.000,1.000,1.000
1.000,26.598,3.000,2.000,1.000,2.000
1.000,29.883,3.000,2.000,2.000,2.000
1.000,38.624,2.000,2.000,1.000,2.000
1.000,29.915,3.000,2.000,2.000,2.000
1.000,40.689,2.000,1.000,1.000,1.000
1.000,38.428,2.000,2.000,2.000,1.000
1.000,30.541,1.000,1.000,2.000,1.000
1.000,22.363,3.000,1.000,2.000,1.000
1.000,47.707,3.000,2.000,1.000,2.000
1.000,40.297,2.000,2.000,2.000,2.000
1.000,42.998,3.000,1.000,2.000,1.000
1.000,43.776,3.000,2.000,1.000,2.000
1.000,32.236,2.000,2.000,2.000,1.000
1.000,34.804,2.000,2.000,2.000,2.000
1.000,48.155,3.000,2.000,2.000,2.000
1.000,33.271,1.000,2.000,1.000,2.000
1.000,36.587,3.000,2.000,1.000,2.000
1.000,25.513,2.000,2.000,1.000,2.000
1.000,38.702,3.000,2.000,1.000,2.000
1.000,24.553,2.000,2.000,2.000,2.000
1.000,23.773,3.000,1.000,1.000,1.000
1.000,35.726,2.000,2.000,2.000,2.000
1.000,31.763,2.000,1.000,1.000,1.000
1.000,41.085,2.000,1.000,2.000,1.000
1.000,34.298,2.000,1.000,2.000,1.000
1.000,31.504,2.000,2.000,1.000,2.000
1.000,44.514,2.000,2.000,2.000,2.000
1.000,25.363,3.000,1.000,1.000,1.000
1.000,31.594,3.000,2.000,2.000,2.000
1.000,42.061,2.000,1.000,1.000,1.000
1.000,25.375,3.000,1.000,2.000,2.000
1.000,32.126,2.000,2.000,2.000,2.000
1.000,42.957,3.000,1.000,1.000,1.000
1.000,27.334,3.000,2.000,2.000,2.000
1.000,26.142,3.000,1.000,2.000,1.000
1.000,38.949,2.000,2.000,2.000,2.000
1.000,59.743,3.000,1.000,1.000,1.000
1.000,37.135,3.000,2.000,1.000,2.000
1.000,51.713,3.000,1.000,1.000,1.000
1.000,48.214,3.000,2.000,2.000,2.000
1.000,32.881,3.000,2.000,2.000,2.000
1.000,41.427,2.000,1.000,2.000,1.000
1.000,29.828,3.000,1.000,1.000,1.000
1.000,41.421,1.000,1.000,2.000,1.000
1.000,46.415,2.000,1.000,2.000,1.000
1.000,33.228,2.000,2.000,2.000,2.000
1.000,24.943,2.000,2.000,2.000,2.000
1.000,42.369,2.000,2.000,2.000,2.000
1.000,24.784,2.000,1.000,1.000,1.000
1.000,44.678,3.000,1.000,2.000,1.000
1.000,24.371,3.000,2.000,2.000,2.000
1.000,30.646,3.000,2.000,2.000,2.000
1.000,52.308,2.000,1.000,2.000,1.000
1.000,28.912,2.000,2.000,2.000,2.000
1.000,24.694,3.000,2.000,2.000,2.000
1.000,54.462,3.000,2.000,2.000,1.000
1.000,44.542,2.000,1.000,2.000,1.000
1.000,39.071,2.000,2.000,2.000,2.000
1.000,29.397,3.000,1.000,2.000,1.000
1.000,33.547,2.000,2.000,1.000,2.000
1.000,41.033,3.000,1.000,2.000,1.000
1.000,33.064,2.000,2.000,2.000,2.000
1.000,40.650,1.000,2.000,2.000,2.000
1.000,34.192,2.000,1.000,1.000,1.000
1.000,26.051,2.000,1.000,2.000,1.000
1.000,31.105,3.000,1.000,1.000,1.000
1.000,39.029,3.000,2.000,1.000,2.000
1.000,33.495,2.000,2.000,2.000,2.000
1.000,25.211,1.000,2.000,2.000,2.000
1.000,45.724,2.000,2.000,1.000,1.000
1.000,42.652,3.000,2.000,2.000,2.000
1.000,35.710,2.000,1.000,1.000,1.000
1.000,46.543,3.000,2.000,1.000,2.000
1.000,26.914,2.000,2.000,2.000,2.000
1.000,36.257,3.000,1.000,2.000,1.000
1.000,57.166,2.000,2.000,1.000,2.000
1.000,36.200,2.000,1.000,1.000,1.000
1.000,34.041,2.000,1.000,2.000,1.000
1.000,31.401,2.000,2.000,1.000,2.000
1.000,39.724,2.000,2.000,2.000,2.000
1.000,32.036,1.000,1.000,2.000,1.000
1.000,45.168,2.000,2.000,2.000,2.000
1.000,29.788,2.000,2.000,1.000,2.000
1.000,42.140,3.000,1.000,1.000,1.000
1.000,38.166,2.000,2.000,1.000,2.000
1.000,21.614,2.000,1.000,1.000,1.000
1.000,33.484,3.000,1.000,1.000,1.000
1.000,41.098,3.000,1.000,2.000,2.000
1.000,23.498,2.000,1.000,2.000,1.000
1.000,29.531,2.000,1.000,2.000,1.000
1.000,21.626,3.000,1.000,2.000,1.000
1.000,30.296,3.000,2.000,1.000,2.000
1.000,34.846,3.000,2.000,2.000,2.000
1.000,44.774,3.000,2.000,1.000,2.000
1.000,30.933,2.000,1.000,1.000,1.000
1.000,38.605,3.000,2.000,2.000,2.000
1.000,35.055,3.000,1.000,2.000,1.000
1.000,36.690,2.000,2.000,2.000,1.000
1.000,27.964,2.000,2.000,1.000,2.000
1.000,43.416,3.000,1.000,2.000,2.000
1.000,44.265,3.000,2.000,2.000,2.000
1.000,26.364,3.000,2.000,1.000,2.000
1.000,36.692,3.000,1.000,1.000,1.000
1.000,39.434,3.000,2.000,2.000,2.000
1.000,21.201,3.000,2.000,1.000,1.000
1.000,52.121,2.000,1.000,2.000,1.000
1.000,30.557,2.000,2.000,1.000,2.000
1.000,41.219,3.000,1.000,1.000,1.000
1.000,28.107,3.000,1.000,1.000,1.000
1.000,44.034,2.000,1.000,2.000,1.000
1.000,40.732,3.000,2.000,2.000,2.000
1.000,39.594,3.000,2.000,1.000,2.000
1.000,49.418,2.000,1.000,1.000,1.000
1.000,48.666,2.000,1.000,1.000,1.000
1.000,38.867,2.000,2.000,2.000,2.000
1.000,21.507,2.000,2.000,1.000,2.000
1.000,26.616,1.000,1.000,1.000,1.000
1.000,35.485,2.000,2.000,1.000,2.000
1.000,37.074,1.000,2.000,1.000,1.000
1.000,59.150,3.000,2.000,2.000,2.000
1.000,34.824,3.000,2.000,1.000,2.000
1.000,35.494,3.000,2.000,1.000,2.000
1.000,43.644,2.000,1.000,2.000,1.000
1.000,23.848,1.000,2.000,1.000,1.000
1.000,42.873,3.000,1.000,2.000,1.000
1.000,34.557,2.000,2.000,2.000,2.000
1.000,20.751,3.000,2.000,1.000,1.000
1.000,36.542,2.000,2.000,2.000,1.000
1.000,48.295,3.000,1.000,1.000,1.000
1.000,29.266,2.000,2.000,2.000,1.000
1.000,34.506,3.000,1.000,1.000,1.000
1.000,38.953,2.000,1.000,2.000,1.000
1.000,57.508,3.000,1.000,2.000,2.000
1.000,30.263,2.000,2.000,2.000,2.000
1.000,39.806,2.000,2.000,2.000,2.000
1.000,30.242,2.000,2.000,2.000,2.000
1.000,43.025,3.000,1.000,2.000,2.000
1.000,57.859,2.000,2.000,2.000,2.000
1.000,27.067,3.000,2.000,2.000,2.000
1.000,25.671,3.000,2.000,2.000,2.000
1.000,34.129,2.000,1.000,1.000,1.000
1.000,23.880,2.000,2.000,1.000,2.000
1.000,42.209,3.000,1.000,1.000,1.000
1.000,30.943,3.000,1.000,2.000,1.000
1.000,33.409,3.000,2.000,2.000,2.000
1.000,39.217,2.000,2.000,1.000,2.000
1.000,35.646,2.000,1.000,2.000,2.000
1.000,29.483,2.000,2.000,1.000,2.000
1.000,24.674,2.000,2.000,2.000,1.000
1.000,42.132,3.000,1.000,1.000,1.000
1.000,44.021,3.000,2.000,2.000,2.000
1.000,39.684,2.000,1.000,2.000,1.000
1.000,38.748,2.000,2.000,1.000,2.000
1.000,40.093,3.000,2.000,2.000,2.000
1.000,25.257,2.000,2.000,1.000,2.000
1.000,28.359,2.000,2.000,2.000,1.000
1.000,35.436,2.000,1.000,2.000,1.000
1.000,47.301,3.000,1.000,2.000,1.000
1.000,23.878,3.000,2.000,2.000,1.000
1.000,23.103,3.000,2.000,1.000,2.000
1.000,35.346,2.000,1.000,2.000,1.000
1.000,27.557,3.000,1.000,1.000,1.000
1.000,23.501,2.000,2.000,2.000,2.000
1.000,42.501,3.000,1.000,1.000,1.000
1.000,21.664,3.000,1.000,1.000,1.000
1.000,22.285,3.000,1.000,2.000,1.000
1.000,30.957,2.000,1.000,1.000,1.000
1.000,43.950,2.000,1.000,2.000,1.000
1.000,37.327,3.000,2.000,2.000,2.000
1.000,26.879,3.000,2.000,2.000,1.000
1.000,37.522,2.000,2.000,1.000,2.000
1.000,43.268,2.000,1.000,2.000,1.000
1.000,50.659,3.000,1.000,1.000,1.000
1.000,33.367,2.000,1.000,2.000,1.000
1.000,43.401,2.000,1.000,2.000,1.000
1.000,28.644,2.000,2.000,2.000,2.000
1.000,25.467,3.000,1.000,1.000,1.000
1.000,38.690,2.000,1.000,2.000,2.000
1.000,37.965,3.000,2.000,1.000,2.000
1.000,30.376,2.000,1.000,2.000,1.000
1.000,44.767,2.000,1.000,1.000,1.000
1.000,32.747,3.000,1.000,2.000,1.000
1.000,37.088,2.000,1.000,1.000,1.000
1.000,38.237,1.000,1.000,1.000,1.000
1.000,46.376,2.000,2.000,1.000,2.000
1.000,44.146,2.000,1.000,2.000,2.000
1.000,39.109,2.000,2.000,2.000,2.000
1.000,31.125,2.000,1.000,1.000,1.000
1.000,36.227,3.000,2.000,1.000,2.000
1.000,46.422,2.000,1.000,2.000,1.000
1.000,41.029,1.000,1.000,1.000,1.000
1.000,26.850,3.000,2.000,1.000,2.000
1.000,34.894,2.000,1.000,2.000,1.000
1.000,39.103,2.000,1.000,1.000,1.000
1.000,38.530,1.000,2.000,2.000,2.000
1.000,32.282,2.000,1.000,1.000,1.000
1.000,33.763,3.000,2.000,2.000,2.000
1.000,33.942,3.000,1.000,1.000,1.000
1.000,39.791,3.000,1.000,1.000,1.000
1.000,39.308,1.000,1.000,2.000,1.000
1.000,26.067,2.000,2.000,1.000,2.000
1.000,38.843,2.000,1.000,1.000,1.000
1.000,46.512,2.000,2.000,2.000,2.000
1.000,35.069,2.000,1.000,1.000,1.000
1.000,43.354,3.000,1.000,2.000,1.000
1.000,34.996,3.000,2.000,1.000,2.000
1.000,42.834,3.000,2.000,1.000,2.000
1.000,48.053,3.000,1.000,1.000,2.000
1.000,26.558,1.000,1.000,2.000,1.000
1.000,26.115,2.000,1.000,1.000,1.000
1.000,39.495,2.000,1.000,2.000,1.000
1.000,32.016,2.000,2.000,1.000,2.000
1.000,41.742,2.000,2.000,2.000,2.000
1.000,49.356,1.000,1.000,2.000,1.000
1.000,21.692,3.000,2.000,1.000,2.000
1.000,40.491,2.000,2.000,1.000,2.000
1.000,22.319,3.000,2.000,2.000,2.000
1.000,50.693,2.000,2.000,1.000,2.000
1.000,46.580,2.000,1.000,1.000,1.000
1.000,42.096,2.000,1.000,2.000,2.000
1.000,32.752,2.000,1.000,1.000,1.000
1.000,57.362,2.000,2.000,1.000,2.000
1.000,30.334,2.000,1.000,1.000,1.000
1.000,42.252,3.000,2.000,1.000,2.000
1.000,31.736,1.000,2.000,1.000,2.000
1.000,28.950,3.000,2.000,1.000,2.000
1.000,39.114,2.000,2.000,1.000,2.000
1.000,44.203,2.000,2.000,1.000,2.000
1.000,27.367,2.000,1.000,1.000,2.000
1.000,61.667,2.000,2.000,1.000,2.000
1.000,34.106,2.000,1.000,1.000,1.000
1.000,22.634,3.000,1.000,1.000,1.000
1.000,46.898,2.000,2.000,2.000,2.000
1.000,41.443,3.000,1.000,2.000,2.000
1.000,26.553,2.000,1.000,1.000,1.000
1.000,40.938,2.000,1.000,1.000,2.000
1.000,26.091,3.000,1.000,2.000,1.000
1.000,46.422,3.000,2.000,1.000,2.000
1.000,40.439,3.000,2.000,1.000,2.000
1.000,44.670,2.000,1.000,2.000,1.000
1.000,47.084,1.000,1.000,2.000,1.000
1.000,54.197,2.000,2.000,2.000,2.000
1.000,32.599,2.000,1.000,1.000,1.000
1.000,44.448,3.000,1.000,2.000,1.000
1.000,32.747,3.000,1.000,1.000,1.000
1.000,29.616,3.000,1.000,2.000,1.000
1.000,46.552,3.000,2.000,1.000,2.000
1.000,31.842,3.000,1.000,1.000,1.000
1.000,32.205,2.000,1.000,1.000,1.000
1.000,41.443,2.000,2.000,1.000,1.000
1.000,28.889,2.000,1.000,1.000,1.000
1.000,32.269,3.000,1.000,1.000,1.000
1.000,50.902,3.000,2.000,2.000,2.000
1.000,41.656,3.000,1.000,1.000,2.000
1.000,21.449,2.000,2.000,2.000,2.000
1.000,30.472,3.000,2.000,2.000,2.000
1.000,44.850,2.000,1.000,2.000,1.000
1.000,31.308,2.000,2.000,2.000,2.000
1.000,45.997,3.000,2.000,1.000,2.000
1.000,36.008,2.000,2.000,1.000,2.000
1.000,38.811,2.000,1.000,2.000,1.000
1.000,38.024,3.000,1.000,1.000,1.000
1.000,39.886,2.000,1.000,1.000,1.000
1.000,32.100,2.000,1.000,2.000,1.000
1.000,36.753,3.000,2.000,1.000,2.000
1.000,39.484,2.000,1.000,2.000,1.000
1.000,25.772,1.000,1.000,1.000,1.000
1.000,47.820,3.000,1.000,2.000,1.000
1.000,33.871,3.000,2.000,1.000,2.000
1.000,25.915,2.000,2.000,1.000,2.000
1.000,29.719,3.000,1.000,2.000,1.000
1.000,56.273,2.000,2.000,2.000,2.000
1.000,49.084,3.000,1.000,1.000,2.000
1.000,26.523,3.000,2.000,1.000,2.000
1.000,24.078,3.000,2.000,1.000,2.000
1.000,26.986,2.000,1.000,2.000,2.000
1.000,47.137,3.000,2.000,2.000,2.000
1.000,27.590,2.000,1.000,2.000,1.000
1.000,37.897,3.000,2.000,2.000,1.000
1.000,40.775,3.000,1.000,2.000,1.000
1.000,32.430,3.000,2.000,2.000,2.000
1.000,39.060,3.000,2.000,1.000,2.000
1.000,35.705,2.000,2.000,2.000,2.000
1.000,28.495,2.000,1.000,2.000,2.000
1.000,27.968,2.000,2.000,1.000,2.000
1.000,40.187,2.000,2.000,1.000,2.000
1.000,41.036,3.000,2.000,2.000,2.000
1.000,33.886,2.000,2.000,1.000,2.000
1.000,49.099,2.000,1.000,1.000,2.000
1.000,46.459,3.000,2.000,1.000,2.000
1.000,32.818,3.000,1.000,2.000,1.000
1.000,43.355,3.000,2.000,2.000,2.000
1.000,33.737,2.000,2.000,1.000,2.000
1.000,35.305,2.000,1.000,1.000,1.000
1.000,25.965,3.000,1.000,1.000,1.000
1.000,27.869,3.000,2.000,2.000,2.000
1.000,27.343,3.000,1.000,1.000,1.000
1.000,59.088,1.000,2.000,1.000,2.000
1.000,31.082,3.000,2.000,1.000,2.000
1.000,33.469,2.000,2.000,1.000,2.000
1.000,41.516,2.000,2.000,1.000,2.000
1.000,40.862,3.000,2.000,1.000,1.000
1.000,39.703,3.000,2.000,1.000,2.000
1.000,23.350,3.000,1.000,1.000,1.000
1.000,33.175,3.000,1.000,1.000,1.000
1.000,50.611,2.000,2.000,1.000,2.000
1.000,45.575,3.000,1.000,1.000,1.000
1.000,37.726,3.000,2.000,1.000,2.000
1.000,38.584,3.000,1.000,1.000,1.000
1.000,44.623,2.000,2.000,1.000,2.000
1.000,40.369,3.000,2.000,2.000,2.000
1.000,41.688,3.000,2.000,2.000,2.000
1.000,50.982,1.000,1.000,1.000,2.000
1.000,35.077,2.000,1.000,2.000,2.000
1.000,45.210,1.000,1.000,1.000,1.000
1.000,36.108,1.000,1.000,2.000,1.000
1.000,46.045,2.000,2.000,1.000,2.000
1.000,25.137,2.000,2.000,2.000,2.000
1.000,35.328,2.000,1.000,2.000,1.000
1.000,31.755,2.000,2.000,1.000,2.000
1.000,21.338,2.000,2.000,1.000,1.000
1.000,41.318,3.000,1.000,1.000,1.000
1.000,44.738,3.000,1.000,2.000,1.000
1.000,25.050,3.000,2.000,1.000,2.000
1.000,43.273,3.000,1.000,1.000,1.000
1.000,35.691,3.000,1.000,1.000,1.000
1.000,42.598,2.000,1.000,2.000,1.000
1.000,30.418,3.000,2.000,1.000,1.000
1.000,57.919,3.000,2.000,1.000,2.000
1.000,40.707,2.000,2.000,1.000,2.000
1.000,28.505,3.000,2.000,2.000,2.000
1.000,43.117,3.000,2.000,2.000,2.000
1.000,42.731,2.000,1.000,1.000,2.000
1.000,45.505,2.000,2.000,2.000,2.000
1.000,52.969,2.000,1.000,1.000,1.000
1.000,29.364,1.000,1.000,2.000,2.000
1.000,53.346,3.000,2.000,2.000,2.000
1.000,47.563,2.000,1.000,1.000,1.000
1.000,33.620,3.000,2.000,1.000,2.000
1.000,26.494,2.000,1.000,2.000,1.000
1.000,47.096,2.000,2.000,1.000,2.000
1.000,35.067,2.000,2.000,1.000,1.000
1.000,40.264,1.000,2.000,1.000,2.000
1.000,41.225,3.000,2.000,1.000,2.000
1.000,35.403,2.000,2.000,2.000,2.000
1.000,34.365,3.000,2.000,1.000,2.000
1.000,36.039,2.000,1.000,2.000,1.000
1.000,28.025,3.000,2.000,1.000,2.000
1.000,36.214,3.000,2.000,1.000,2.000
1.000,38.471,3.000,2.000,2.000,2.000
1.000,24.023,3.000,1.000,1.000,2.000
1.000,43.626,2.000,2.000,1.000,2.000
1.000,29.806,2.000,2.000,1.000,2.000
1.000,38.352,2.000,1.000,2.000,2.000
1.000,39.689,2.000,2.000,2.000,2.000
1.000,39.341,3.000,1.000,1.000,2.000
1.000,39.173,2.000,1.000,1.000,1.000
1.000,40.463,3.000,1.000,2.000,1.000
1.000,32.709,3.000,1.000,1.000,1.000
1.000,39.831,1.000,1.000,1.000,1.000
1.000,32.774,3.000,2.000,2.000,2.000
1.000,31.861,3.000,2.000,1.000,2.000
1.000,33.300,3.000,2.000,1.000,2.000
1.000,25.628,3.000,1.000,1.000,2.000
1.000,34.977,3.000,2.000,2.000,2.000
1.000,29.681,3.000,2.000,1.000,2.000
1.000,38.980,3.000,1.000,2.000,1.000
1.000,53.818,2.000,2.000,2.000,2.000
1.000,34.324,3.000,1.000,2.000,1.000
1.000,37.567,3.000,2.000,2.000,2.000
1.000,34.397,2.000,2.000,2.000,2.000
1.000,23.863,1.000,2.000,2.000,2.000
1.000,51.254,3.000,2.000,2.000,2.000
1.000,30.486,2.000,1.000,1.000,1.000
1.000,43.775,3.000,2.000,1.000,2.000
1.000,37.981,2.000,1.000,2.000,1.000
1.000,42.063,3.000,2.000,2.000,1.000
1.000,25.438,2.000,1.000,2.000,1.000
1.000,30.406,2.000,2.000,2.000,2.000
1.000,39.501,3.000,1.000,2.000,1.000
1.000,39.342,3.000,1.000,1.000,1.000
1.000,43.334,3.000,1.000,2.000,2.000
1.000,38.157,3.000,1.000,2.000,1.000
1.000,37.865,2.000,2.000,2.000,1.000
1.000,31.187,3.000,1.000,2.000,1.000
1.000,30.980,3.000,2.000,2.000,2.000
1.000,31.246,3.000,2.000,2.000,1.000
1.000,29.309,2.000,1.000,2.000,1.000
1.000,28.461,3.000,2.000,1.000,2.000
1.000,27.613,3.000,1.000,2.000,1.000
1.000,39.454,3.000,1.000,1.000,1.000
1.000,32.827,2.000,1.000,2.000,1.000
1.000,41.183,2.000,2.000,1.000,2.000
1.000,20.211,2.000,1.000,1.000,1.000
1.000,48.630,2.000,2.000,1.000,2.000
1.000,30.013,2.000,2.000,2.000,2.000
1.000,46.947,3.000,2.000,1.000,2.000
1.000,31.212,3.000,2.000,1.000,2.000
1.000,26.862,2.000,1.000,1.000,1.000
1.000,33.925,1.000,1.000,2.000,1.000
1.000,35.389,2.000,1.000,1.000,1.000
1.000,41.724,3.000,2.000,1.000,2.000
1.000,53.870,3.000,1.000,2.000,1.000
1.000,24.175,3.000,2.000,1.000,2.000
1.000,43.364,3.000,1.000,1.000,2.000
1.000,35.425,3.000,1.000,1.000,2.000
1.000,32.529,3.000,2.000,2.000,2.000
1.000,37.794,2.000,2.000,1.000,2.000
1.000,25.818,3.000,1.000,1.000,1.000
1.000,37.858,2.000,1.000,1.000,1.000
1.000,20.541,3.000,2.000,1.000,2.000
1.000,38.319,3.000,2.000,2.000,2.000
1.000,63.350,2.000,1.000,2.000,1.000
1.000,35.278,3.000,1.000,2.000,1.000
1.000,46.341,3.000,1.000,1.000,1.000
1.000,31.911,2.000,2.000,1.000,2.000
1.000,31.865,3.000,2.000,1.000,2.000
1.000,47.477,3.000,1.000,1.000,2.000
1.000,35.109,3.000,2.000,2.000,2.000
1.000,38.585,2.000,1.000,2.000,2.000
1.000,40.226,1.000,1.000,1.000,1.000
1.000,40.432,1.000,2.000,2.000,2.000
1.000,38.288,2.000,1.000,2.000,2.000
1.000,35.782,2.000,2.000,2.000,2.000
1.000,46.559,2.000,1.000,1.000,1.000
1.000,34.406,2.000,1.000,1.000,1.000
1.000,21.007,3.000,2.000,1.000,2.000
1.000,52.439,3.000,2.000,2.000,2.000
1.000,51.001,3.000,2.000,2.000,1.000
1.000,21.346,3.000,1.000,1.000,1.000
1.000,35.923,2.000,2.000,2.000,1.000
1.000,29.543,2.000,2.000,2.000,2.000
1.000,44.058,1.000,1.000,2.000,1.000
1.000,39.327,2.000,2.000,2.000,2.000
1.000,22.256,2.000,2.000,2.000,2.000
1.000,28.179,2.000,2.000,1.000,1.000
1.000,58.691,1.000,2.000,1.000,2.000
1.000,34.177,2.000,1.000,2.000,1.000
1.000,20.894,3.000,2.000,1.000,2.000
1.000,39.515,2.000,1.000,2.000,1.000
1.000,22.657,2.000,1.000,2.000,1.000
1.000,38.137,2.000,1.000,2.000,1.000
1.000,41.206,2.000,2.000,2.000,2.000
1.000,30.639,2.000,2.000,2.000,2.000
1.000,33.465,2.000,2.000,1.000,2.000
1.000,58.169,1.000,2.000,2.000,2.000
1.000,32.065,2.000,1.000,1.000,1.000
1.000,31.477,3.000,1.000,2.000,1.000
1.000,38.190,3.000,1.000,2.000,1.000
1.000,37.132,3.000,1.000,1.000,1.000
1.000,33.907,3.000,1.000,2.000,2.000
1.000,39.254,3.000,1.000,1.000,1.000
1.000,25.461,3.000,1.000,1.000,1.000
1.000,27.848,2.000,1.000,1.000,1.000
1.000,29.533,2.000,1.000,2.000,1.000
1.000,23.642,2.000,1.000,1.000,1.000
1.000,45.524,2.000,2.000,2.000,2.000
1.000,28.425,3.000,1.000,2.000,2.000
